"forecast_date","forecast_day","site_catid","short_name","group","obs_ozone_ppb","obs_pm25_ugm3","obs_ozone_aqi","obs_pm25_aqi","state","fcst_ozone_aqi","fcst_ozone_ppb","fcst_pm25_aqi","fcst_pm25_ugm3","date_issued","is_forecast"
2022-04-24,2,"27-003-1001","Cedar_Creek","North Twin Cities Metro",35,NA,32,NA,"MN","green",NA,"green",NA,NA,NA
2022-04-24,2,"27-003-1002","Anoka","North Twin Cities Metro",34,0.7,31,3,"MN","green",NA,"green",NA,NA,NA
2022-04-24,2,"27-005-2013","Detroit_Lakes","Detroit Lakes",38,NA,35,NA,"MN","green",NA,"green",NA,NA,NA
2022-04-24,2,"27-007-2304","Red_Lake","Red Lake",NA,2.8,NA,12,"MN","green",NA,"green",NA,NA,NA
2022-04-24,2,"27-017-7417","Fond_Du_Lac","Fond du Lac",30,-1.5,28,-6,"MN","green",NA,"green",NA,NA,NA
2022-04-24,2,"27-021-3410","Leech_Lake","Leech Lake",NA,4.7,NA,20,"MN","green",NA,"green",NA,NA,NA
2022-04-24,2,"27-031-7810","Grand_Portage","Grand Portage",NA,1.5,NA,6,"MN","green",NA,"green",NA,NA,NA
2022-04-24,2,"27-035-3204","Brainerd","Brainerd",36,4.1,33,17,"MN","green",NA,"green",NA,NA,NA
2022-04-24,2,"27-037-0470","Apple_Valley","South Twin Cities Metro",NA,-1.1,NA,-5,"MN","green",NA,"green",NA,NA,NA
2022-04-24,2,"27-037-0480","Lakeville","South Twin Cities Metro",NA,0.2,NA,1,"MN","green",NA,"green",NA,NA,NA
2022-04-24,2,"27-049-5302","Stanton","South Twin Cities Metro",35,NA,32,NA,"MN","green",NA,"green",NA,NA,NA
2022-04-24,2,"27-053-0962","MSP","Minneapolis-St. Paul",32,1.9,30,8,"MN","green",NA,"green",NA,NA,NA
2022-04-24,2,"27-053-0963","HC_Anderson","Minneapolis-St. Paul",NA,0.9,NA,4,"MN","green",NA,"green",NA,NA,NA
2022-04-24,2,"27-075-0005","Ely","Ely",29,NA,27,NA,"MN","green",NA,"green",NA,NA,NA
2022-04-24,2,"27-083-4210","Marshall","Marshall",34,1.6,31,7,"MN","green",NA,"green",NA,NA,NA
2022-04-24,2,"27-095-3051","Mille_Lacs","Mille Lacs",36,NA,33,NA,"MN","green",NA,"green",NA,NA,NA
2022-04-24,2,"27-109-5008","Rochester","Rochester",35,-0.2,32,-1,"MN","green",NA,"green",NA,NA,NA
2022-04-24,2,"27-123-0871","Harding","Minneapolis-St. Paul",NA,1.9,NA,8,"MN","green",NA,"green",NA,NA,NA
2022-04-24,2,"27-137-7001","Virginia","Virginia",NA,2.2,NA,9,"MN","green",NA,"green",NA,NA,NA
2022-04-24,2,"27-137-7550","Duluth_WDSE","Duluth",29,2,27,8,"MN","green",NA,"green",NA,NA,NA
2022-04-24,2,"27-139-0505","Shakopee","South Twin Cities Metro",34,2.2,31,9,"MN","green",NA,"green",NA,NA,NA
2022-04-24,2,"27-145-3052","St_Cloud","St. Cloud",35,1.1,32,5,"MN","green",NA,"green",NA,NA,NA
2022-04-24,2,"27-163-6016","Marine_St_Croix","North Twin Cities Metro",35,NA,32,NA,"MN","green",NA,"green",NA,NA,NA
2022-04-24,2,"27-171-3201","St_Michael","North Twin Cities Metro",36,0.3,33,1,"MN","green",NA,"green",NA,NA,NA
2022-04-24,2,"38-017-1004","Fargo","Moorhead",37,0.7,34,3,"MN","green",NA,"green",NA,NA,NA
2022-04-24,2,"55-063-0012","Winona","Winona",36,3.4,33,14,"MN","green",NA,"green",NA,NA,NA
2022-03-31,1,"27-003-1001","Cedar_Creek","North Twin Cities Metro",43,NA,40,NA,"MN","34",36.7,"18",4.3,"03/30/22",0
2022-03-31,1,"27-003-1002","Anoka","North Twin Cities Metro",41,3.3,38,14,"MN","34",36.7,"18",4.3,"03/30/22",0
2022-03-31,1,"27-005-2013","Detroit_Lakes","Detroit Lakes",42,2.3,39,10,"MN","30",32.4,"23",5.5,"03/30/22",0
2022-03-31,1,"27-007-2304","Red_Lake","Red Lake",NA,4.6,NA,19,"MN","32",34.6,"24",5.8,"03/30/22",0
2022-03-31,1,"27-017-7417","Fond_Du_Lac","Fond du Lac",42,-0.6,39,-2,"MN","35",37.8,"5",1.2,"03/30/22",0
2022-03-31,1,"27-021-3410","Leech_Lake","Leech Lake",NA,3.5,NA,15,"MN","30",32.4,"16",3.8,"03/30/22",0
2022-03-31,1,"27-031-7810","Grand_Portage","Grand Portage",NA,-0.6,NA,-2,"MN","35",37.8,"5",1.2,"03/30/22",0
2022-03-31,1,"27-035-3204","Brainerd","Brainerd",41,3.2,38,13,"MN","34",36.7,"20",4.8,"03/30/22",0
2022-03-31,1,"27-037-0470","Apple_Valley","South Twin Cities Metro",NA,1.3,NA,5,"MN","25",27,"14",3.4,"03/30/22",0
2022-03-31,1,"27-037-0480","Lakeville","South Twin Cities Metro",NA,1.5,NA,6,"MN","25",27,"14",3.4,"03/30/22",0
2022-03-31,1,"27-049-5302","Stanton","South Twin Cities Metro",41,NA,38,NA,"MN","25",27,"14",3.4,"03/30/22",0
2022-03-31,1,"27-053-0962","MSP","Minneapolis-St. Paul",31,4.2,29,18,"MN","24",25.9,"20",4.8,"03/30/22",0
2022-03-31,1,"27-053-0963","HC_Anderson","Minneapolis-St. Paul",NA,4,NA,17,"MN","24",25.9,"20",4.8,"03/30/22",0
2022-03-31,1,"27-075-0005","Ely","Ely",43,2.6,40,11,"MN","40",43.2,"12",2.9,"03/30/22",0
2022-03-31,1,"27-083-4210","Marshall","Marshall",38,4,35,17,"MN","35",37.8,"24",5.8,"03/30/22",0
2022-03-31,1,"27-095-3051","Mille_Lacs","Mille Lacs",42,NA,39,NA,"MN","36",38.9,"20",4.8,"03/30/22",0
2022-03-31,1,"27-109-5008","Rochester","Rochester",41,2.4,38,10,"MN","26",28.1,"23",5.5,"03/30/22",0
2022-03-31,1,"27-123-0871","Harding","Minneapolis-St. Paul",NA,2.9,NA,12,"MN","24",25.9,"20",4.8,"03/30/22",0
2022-03-31,1,"27-137-7001","Virginia","Virginia",NA,0.8,NA,3,"MN","35",37.8,"10",2.4,"03/30/22",0
2022-03-31,1,"27-137-7550","Duluth_WDSE","Duluth",42,1.1,39,5,"MN","36",38.9,"14",3.4,"03/30/22",0
2022-03-31,1,"27-139-0505","Shakopee","South Twin Cities Metro",41,1.7,38,7,"MN","25",27,"14",3.4,"03/30/22",0
2022-03-31,1,"27-145-3052","St_Cloud","St. Cloud",41,3.3,38,14,"MN","31",33.5,"22",5.3,"03/30/22",0
2022-03-31,1,"27-163-6016","Marine_St_Croix","North Twin Cities Metro",41,NA,38,NA,"MN","34",36.7,"18",4.3,"03/30/22",0
2022-03-31,1,"27-171-3201","St_Michael","North Twin Cities Metro",42,1.8,39,8,"MN","34",36.7,"18",4.3,"03/30/22",0
2022-03-31,1,"38-017-1004","Fargo","Moorhead",38,5.6,35,23,"MN","30",32.4,"23",5.5,"03/30/22",0
2022-03-31,1,"55-063-0012","Winona","Winona",37,2.5,34,10,"MN","32",34.6,"18",4.3,"03/30/22",0
2022-04-01,1,"27-003-1001","Cedar_Creek","North Twin Cities Metro",43,NA,40,NA,"MN","44",47.5,"52",12.6,"03/31/22",0
2022-04-01,1,"27-003-1002","Anoka","North Twin Cities Metro",40,5.7,37,24,"MN","44",47.5,"52",12.6,"03/31/22",0
2022-04-01,1,"27-005-2013","Detroit_Lakes","Detroit Lakes",44,3.9,41,16,"MN","39",42.1,"16",3.8,"03/31/22",0
2022-04-01,1,"27-007-2304","Red_Lake","Red Lake",NA,4.8,NA,20,"MN","34",36.7,"20",4.8,"03/31/22",0
2022-04-01,1,"27-017-7417","Fond_Du_Lac","Fond du Lac",44,-0.1,41,0,"MN","38",41,"5",1.2,"03/31/22",0
2022-04-01,1,"27-021-3410","Leech_Lake","Leech Lake",NA,7.8,NA,32,"MN","37",40,"16",3.8,"03/31/22",0
2022-04-01,1,"27-031-7810","Grand_Portage","Grand Portage",NA,0.7,NA,3,"MN","36",38.9,"5",1.2,"03/31/22",0
2022-04-01,1,"27-035-3204","Brainerd","Brainerd",42,7.1,39,30,"MN","40",43.2,"20",4.8,"03/31/22",0
2022-04-01,1,"27-037-0470","Apple_Valley","South Twin Cities Metro",NA,1.7,NA,7,"MN","42",45.4,"52",12.6,"03/31/22",0
2022-04-01,1,"27-037-0480","Lakeville","South Twin Cities Metro",NA,3.2,NA,13,"MN","42",45.4,"52",12.6,"03/31/22",0
2022-04-01,1,"27-049-5302","Stanton","South Twin Cities Metro",41,NA,38,NA,"MN","42",45.4,"52",12.6,"03/31/22",0
2022-04-01,1,"27-053-0962","MSP","Minneapolis-St. Paul",35,4.3,32,18,"MN","34",36.7,"55",14,"03/31/22",0
2022-04-01,1,"27-053-0963","HC_Anderson","Minneapolis-St. Paul",NA,6.5,NA,27,"MN","34",36.7,"55",14,"03/31/22",0
2022-04-01,1,"27-075-0005","Ely","Ely",48,4.2,44,18,"MN","39",42.1,"14",3.4,"03/31/22",0
2022-04-01,1,"27-083-4210","Marshall","Marshall",36,4.9,33,20,"MN","38",41,"30",7.2,"03/31/22",0
2022-04-01,1,"27-095-3051","Mille_Lacs","Mille Lacs",44,NA,41,NA,"MN","42",45.4,"26",6.2,"03/31/22",0
2022-04-01,1,"27-109-5008","Rochester","Rochester",45,4.2,42,18,"MN","40",43.2,"52",12.6,"03/31/22",0
2022-04-01,1,"27-123-0871","Harding","Minneapolis-St. Paul",NA,6.7,NA,28,"MN","34",36.7,"55",14,"03/31/22",0
2022-04-01,1,"27-137-7001","Virginia","Virginia",NA,3.1,NA,13,"MN","38",41,"12",2.9,"03/31/22",0
2022-04-01,1,"27-137-7550","Duluth_WDSE","Duluth",40,5.7,37,24,"MN","39",42.1,"14",3.4,"03/31/22",0
2022-04-01,1,"27-139-0505","Shakopee","South Twin Cities Metro",41,3.2,38,13,"MN","42",45.4,"52",12.6,"03/31/22",0
2022-04-01,1,"27-145-3052","St_Cloud","St. Cloud",40,5.7,37,24,"MN","38",41,"40",9.6,"03/31/22",0
2022-04-01,1,"27-163-6016","Marine_St_Croix","North Twin Cities Metro",39,NA,36,NA,"MN","44",47.5,"52",12.6,"03/31/22",0
2022-04-01,1,"27-171-3201","St_Michael","North Twin Cities Metro",42,3.9,39,16,"MN","44",47.5,"52",12.6,"03/31/22",0
2022-04-01,1,"38-017-1004","Fargo","Moorhead",34,7.1,31,30,"MN","33",35.6,"26",6.2,"03/31/22",0
2022-04-01,1,"55-063-0012","Winona","Winona",43,4.9,40,20,"MN","36",38.9,"30",7.2,"03/31/22",0
2022-04-02,1,"27-003-1001","Cedar_Creek","North Twin Cities Metro",39,NA,36,NA,"MN","42",45.4,"20",4.8,"04/01/22",0
2022-04-02,1,"27-003-1002","Anoka","North Twin Cities Metro",39,5,36,21,"MN","42",45.4,"20",4.8,"04/01/22",0
2022-04-02,1,"27-005-2013","Detroit_Lakes","Detroit Lakes",37,2.2,34,9,"MN","38",41,"18",4.3,"04/01/22",0
2022-04-02,1,"27-007-2304","Red_Lake","Red Lake",NA,4.5,NA,19,"MN","39",42.1,"18",4.3,"04/01/22",0
2022-04-02,1,"27-017-7417","Fond_Du_Lac","Fond du Lac",37,-0.7,34,-3,"MN","38",41,"5",1.2,"04/01/22",0
2022-04-02,1,"27-021-3410","Leech_Lake","Leech Lake",NA,4.3,NA,18,"MN","38",41,"32",7.7,"04/01/22",0
2022-04-02,1,"27-031-7810","Grand_Portage","Grand Portage",NA,0.5,NA,2,"MN","36",38.9,"5",1.2,"04/01/22",0
2022-04-02,1,"27-035-3204","Brainerd","Brainerd",37,3.2,34,13,"MN","36",38.9,"25",6,"04/01/22",0
2022-04-02,1,"27-037-0470","Apple_Valley","South Twin Cities Metro",NA,2.4,NA,10,"MN","42",45.4,"16",3.8,"04/01/22",0
2022-04-02,1,"27-037-0480","Lakeville","South Twin Cities Metro",NA,2.5,NA,10,"MN","42",45.4,"16",3.8,"04/01/22",0
2022-04-02,1,"27-049-5302","Stanton","South Twin Cities Metro",42,NA,39,NA,"MN","42",45.4,"16",3.8,"04/01/22",0
2022-04-02,1,"27-053-0962","MSP","Minneapolis-St. Paul",34,4.4,31,18,"MN","38",41,"32",7.7,"04/01/22",0
2022-04-02,1,"27-053-0963","HC_Anderson","Minneapolis-St. Paul",NA,5.8,NA,24,"MN","38",41,"32",7.7,"04/01/22",0
2022-04-02,1,"27-075-0005","Ely","Ely",40,3.5,37,15,"MN","40",43.2,"14",3.4,"04/01/22",0
2022-04-02,1,"27-083-4210","Marshall","Marshall",39,3,36,12,"MN","40",43.2,"16",3.8,"04/01/22",0
2022-04-02,1,"27-095-3051","Mille_Lacs","Mille Lacs",38,NA,35,NA,"MN","40",43.2,"24",5.8,"04/01/22",0
2022-04-02,1,"27-109-5008","Rochester","Rochester",43,2.9,40,12,"MN","45",48.6,"10",2.4,"04/01/22",0
2022-04-02,1,"27-123-0871","Harding","Minneapolis-St. Paul",NA,5.1,NA,21,"MN","38",41,"32",7.7,"04/01/22",0
2022-04-02,1,"27-137-7001","Virginia","Virginia",NA,0.7,NA,3,"MN","38",41,"10",2.4,"04/01/22",0
2022-04-02,1,"27-137-7550","Duluth_WDSE","Duluth",37,2.5,34,10,"MN","35",37.8,"16",3.8,"04/01/22",0
2022-04-02,1,"27-139-0505","Shakopee","South Twin Cities Metro",40,4.9,37,20,"MN","42",45.4,"16",3.8,"04/01/22",0
2022-04-02,1,"27-145-3052","St_Cloud","St. Cloud",38,5.2,35,22,"MN","40",43.2,"22",5.3,"04/01/22",0
2022-04-02,1,"27-163-6016","Marine_St_Croix","North Twin Cities Metro",39,NA,36,NA,"MN","42",45.4,"20",4.8,"04/01/22",0
2022-04-02,1,"27-171-3201","St_Michael","North Twin Cities Metro",40,3.2,37,13,"MN","42",45.4,"20",4.8,"04/01/22",0
2022-04-02,1,"38-017-1004","Fargo","Moorhead",34,3.4,31,14,"MN","30",32.4,"28",6.7,"04/01/22",0
2022-04-02,1,"55-063-0012","Winona","Winona",35,6.8,32,28,"MN","40",43.2,"15",3.6,"04/01/22",0
2022-04-03,2,"27-003-1001","Cedar_Creek","North Twin Cities Metro",39,NA,36,NA,"MN","green",NA,"green",NA,"04/01/22",0
2022-04-03,2,"27-003-1002","Anoka","North Twin Cities Metro",36,2.8,33,12,"MN","green",NA,"green",NA,"04/01/22",0
2022-04-03,2,"27-005-2013","Detroit_Lakes","Detroit Lakes",38,0.7,35,3,"MN","green",NA,"green",NA,"04/01/22",0
2022-04-03,2,"27-007-2304","Red_Lake","Red Lake",NA,4.2,NA,18,"MN","green",NA,"green",NA,"04/01/22",0
2022-04-03,2,"27-017-7417","Fond_Du_Lac","Fond du Lac",36,-1.9,33,-8,"MN","green",NA,"green",NA,"04/01/22",0
2022-04-03,2,"27-021-3410","Leech_Lake","Leech Lake",NA,4,NA,17,"MN","green",NA,"green",NA,"04/01/22",0
2022-04-03,2,"27-031-7810","Grand_Portage","Grand Portage",NA,-1.2,NA,-5,"MN","green",NA,"green",NA,"04/01/22",0
2022-04-03,2,"27-035-3204","Brainerd","Brainerd",37,2.3,34,10,"MN","green",NA,"green",NA,"04/01/22",0
2022-04-03,2,"27-037-0470","Apple_Valley","South Twin Cities Metro",NA,0.9,NA,4,"MN","green",NA,"green",NA,"04/01/22",0
2022-04-03,2,"27-037-0480","Lakeville","South Twin Cities Metro",NA,2.2,NA,9,"MN","green",NA,"green",NA,"04/01/22",0
2022-04-03,2,"27-049-5302","Stanton","South Twin Cities Metro",36,NA,33,NA,"MN","green",NA,"green",NA,"04/01/22",0
2022-04-03,2,"27-053-0962","MSP","Minneapolis-St. Paul",31,3.3,29,14,"MN","green",NA,"green",NA,"04/01/22",0
2022-04-03,2,"27-053-0963","HC_Anderson","Minneapolis-St. Paul",NA,4.8,NA,20,"MN","green",NA,"green",NA,"04/01/22",0
2022-04-03,2,"27-075-0005","Ely","Ely",39,2.1,36,9,"MN","green",NA,"green",NA,"04/01/22",0
2022-04-03,2,"27-083-4210","Marshall","Marshall",32,3.7,30,15,"MN","green",NA,"green",NA,"04/01/22",0
2022-04-03,2,"27-095-3051","Mille_Lacs","Mille Lacs",37,NA,34,NA,"MN","green",NA,"green",NA,"04/01/22",0
2022-04-03,2,"27-109-5008","Rochester","Rochester",36,4.6,33,19,"MN","green",NA,"green",NA,"04/01/22",0
2022-04-03,2,"27-123-0871","Harding","Minneapolis-St. Paul",NA,1.6,NA,7,"MN","green",NA,"green",NA,"04/01/22",0
2022-04-03,2,"27-137-7001","Virginia","Virginia",NA,1,NA,4,"MN","green",NA,"green",NA,"04/01/22",0
2022-04-03,2,"27-137-7550","Duluth_WDSE","Duluth",33,1.7,31,7,"MN","green",NA,"green",NA,"04/01/22",0
2022-04-03,2,"27-139-0505","Shakopee","South Twin Cities Metro",33,4.3,31,18,"MN","green",NA,"green",NA,"04/01/22",0
2022-04-03,2,"27-145-3052","St_Cloud","St. Cloud",36,3.7,33,15,"MN","green",NA,"green",NA,"04/01/22",0
2022-04-03,2,"27-163-6016","Marine_St_Croix","North Twin Cities Metro",36,NA,33,NA,"MN","green",NA,"green",NA,"04/01/22",0
2022-04-03,2,"27-171-3201","St_Michael","North Twin Cities Metro",35,3.2,32,13,"MN","green",NA,"green",NA,"04/01/22",0
2022-04-03,2,"38-017-1004","Fargo","Moorhead",34,4.1,31,17,"MN","green",NA,"green",NA,"04/01/22",0
2022-04-03,2,"55-063-0012","Winona","Winona",37,4.6,34,19,"MN","green",NA,"green",NA,"04/01/22",0
2022-04-04,3,"27-003-1001","Cedar_Creek","North Twin Cities Metro",39,NA,36,NA,"MN","green",NA,"green",NA,"04/01/22",0
2022-04-04,3,"27-003-1002","Anoka","North Twin Cities Metro",35,2.4,32,10,"MN","green",NA,"green",NA,"04/01/22",0
2022-04-04,3,"27-005-2013","Detroit_Lakes","Detroit Lakes",43,4.1,40,17,"MN","green",NA,"green",NA,"04/01/22",0
2022-04-04,3,"27-007-2304","Red_Lake","Red Lake",NA,5.3,NA,22,"MN","green",NA,"green",NA,"04/01/22",0
2022-04-04,3,"27-017-7417","Fond_Du_Lac","Fond du Lac",32,-1.7,30,-7,"MN","green",NA,"green",NA,"04/01/22",0
2022-04-04,3,"27-021-3410","Leech_Lake","Leech Lake",NA,3.4,NA,14,"MN","green",NA,"green",NA,"04/01/22",0
2022-04-04,3,"27-031-7810","Grand_Portage","Grand Portage",NA,-0.5,NA,-2,"MN","green",NA,"green",NA,"04/01/22",0
2022-04-04,3,"27-035-3204","Brainerd","Brainerd",39,2.6,36,11,"MN","green",NA,"green",NA,"04/01/22",0
2022-04-04,3,"27-037-0470","Apple_Valley","South Twin Cities Metro",NA,1.4,NA,6,"MN","green",NA,"green",NA,"04/01/22",0
2022-04-04,3,"27-037-0480","Lakeville","South Twin Cities Metro",NA,1.2,NA,5,"MN","green",NA,"green",NA,"04/01/22",0
2022-04-04,3,"27-049-5302","Stanton","South Twin Cities Metro",36,NA,33,NA,"MN","green",NA,"green",NA,"04/01/22",0
2022-04-04,3,"27-053-0962","MSP","Minneapolis-St. Paul",27,4.4,25,18,"MN","green",NA,"green",NA,"04/01/22",0
2022-04-04,3,"27-053-0963","HC_Anderson","Minneapolis-St. Paul",NA,4.1,NA,17,"MN","green",NA,"green",NA,"04/01/22",0
2022-04-04,3,"27-075-0005","Ely","Ely",38,1.7,35,7,"MN","green",NA,"green",NA,"04/01/22",0
2022-04-04,3,"27-083-4210","Marshall","Marshall",42,3.7,39,15,"MN","green",NA,"green",NA,"04/01/22",0
2022-04-04,3,"27-095-3051","Mille_Lacs","Mille Lacs",39,NA,36,NA,"MN","green",NA,"green",NA,"04/01/22",0
2022-04-04,3,"27-109-5008","Rochester","Rochester",33,3.9,31,16,"MN","green",NA,"green",NA,"04/01/22",0
2022-04-04,3,"27-123-0871","Harding","Minneapolis-St. Paul",NA,2.8,NA,12,"MN","green",NA,"green",NA,"04/01/22",0
2022-04-04,3,"27-137-7001","Virginia","Virginia",NA,1.6,NA,7,"MN","green",NA,"green",NA,"04/01/22",0
2022-04-04,3,"27-137-7550","Duluth_WDSE","Duluth",35,2.8,32,12,"MN","green",NA,"green",NA,"04/01/22",0
2022-04-04,3,"27-139-0505","Shakopee","South Twin Cities Metro",36,2.6,33,11,"MN","green",NA,"green",NA,"04/01/22",0
2022-04-04,3,"27-145-3052","St_Cloud","St. Cloud",35,4.1,32,17,"MN","green",NA,"green",NA,"04/01/22",0
2022-04-04,3,"27-163-6016","Marine_St_Croix","North Twin Cities Metro",35,NA,32,NA,"MN","green",NA,"green",NA,"04/01/22",0
2022-04-04,3,"27-171-3201","St_Michael","North Twin Cities Metro",38,2.8,35,12,"MN","green",NA,"green",NA,"04/01/22",0
2022-04-04,3,"38-017-1004","Fargo","Moorhead",36,7,33,29,"MN","green",NA,"green",NA,"04/01/22",0
2022-04-04,3,"55-063-0012","Winona","Winona",30,5.2,28,22,"MN","green",NA,"green",NA,"04/01/22",0
2022-04-05,1,"27-003-1001","Cedar_Creek","North Twin Cities Metro",33,NA,31,NA,"MN","33",35.6,"15",3.6,"04/04/22",0
2022-04-05,1,"27-003-1002","Anoka","North Twin Cities Metro",30,3.6,28,15,"MN","33",35.6,"15",3.6,"04/04/22",0
2022-04-05,1,"27-005-2013","Detroit_Lakes","Detroit Lakes",33,4,31,17,"MN","34",36.7,"15",3.6,"04/04/22",0
2022-04-05,1,"27-007-2304","Red_Lake","Red Lake",NA,5.2,NA,22,"MN","32",34.6,"20",4.8,"04/04/22",0
2022-04-05,1,"27-017-7417","Fond_Du_Lac","Fond du Lac",34,0,31,0,"MN","33",35.6,"11",2.6,"04/04/22",0
2022-04-05,1,"27-021-3410","Leech_Lake","Leech Lake",NA,2.7,NA,11,"MN","33",35.6,"15",3.6,"04/04/22",0
2022-04-05,1,"27-031-7810","Grand_Portage","Grand Portage",NA,0.7,NA,3,"MN","35",37.8,"10",2.4,"04/04/22",0
2022-04-05,1,"27-035-3204","Brainerd","Brainerd",31,3.5,29,15,"MN","34",36.7,"12",2.9,"04/04/22",0
2022-04-05,1,"27-037-0470","Apple_Valley","South Twin Cities Metro",NA,1.8,NA,8,"MN","32",34.6,"17",4.1,"04/04/22",0
2022-04-05,1,"27-037-0480","Lakeville","South Twin Cities Metro",NA,4,NA,17,"MN","32",34.6,"17",4.1,"04/04/22",0
2022-04-05,1,"27-049-5302","Stanton","South Twin Cities Metro",34,NA,31,NA,"MN","32",34.6,"17",4.1,"04/04/22",0
2022-04-05,1,"27-053-0962","MSP","Minneapolis-St. Paul",28,4.4,26,18,"MN","30",32.4,"18",4.3,"04/04/22",0
2022-04-05,1,"27-053-0963","HC_Anderson","Minneapolis-St. Paul",NA,5.5,NA,23,"MN","30",32.4,"18",4.3,"04/04/22",0
2022-04-05,1,"27-075-0005","Ely","Ely",40,2.9,37,12,"MN","33",35.6,"12",2.9,"04/04/22",0
2022-04-05,1,"27-083-4210","Marshall","Marshall",39,6.6,36,28,"MN","33",35.6,"16",3.8,"04/04/22",0
2022-04-05,1,"27-095-3051","Mille_Lacs","Mille Lacs",33,NA,31,NA,"MN","33",35.6,"13",3.1,"04/04/22",0
2022-04-05,1,"27-109-5008","Rochester","Rochester",35,3.6,32,15,"MN","32",34.6,"20",4.8,"04/04/22",0
2022-04-05,1,"27-123-0871","Harding","Minneapolis-St. Paul",NA,5.2,NA,22,"MN","30",32.4,"18",4.3,"04/04/22",0
2022-04-05,1,"27-137-7001","Virginia","Virginia",NA,2.3,NA,10,"MN","34",36.7,"11",2.6,"04/04/22",0
2022-04-05,1,"27-137-7550","Duluth_WDSE","Duluth",37,2.9,34,12,"MN","31",33.5,"12",2.9,"04/04/22",0
2022-04-05,1,"27-139-0505","Shakopee","South Twin Cities Metro",33,2.7,31,11,"MN","32",34.6,"17",4.1,"04/04/22",0
2022-04-05,1,"27-145-3052","St_Cloud","St. Cloud",25,6.5,23,27,"MN","32",34.6,"17",4.1,"04/04/22",0
2022-04-05,1,"27-163-6016","Marine_St_Croix","North Twin Cities Metro",31,NA,29,NA,"MN","33",35.6,"15",3.6,"04/04/22",0
2022-04-05,1,"27-171-3201","St_Michael","North Twin Cities Metro",31,3.5,29,15,"MN","33",35.6,"15",3.6,"04/04/22",0
2022-04-05,1,"38-017-1004","Fargo","Moorhead",30,8.9,28,37,"MN","30",32.4,"20",4.8,"04/04/22",0
2022-04-05,1,"55-063-0012","Winona","Winona",33,8.8,31,37,"MN","35",37.8,"22",5.3,"04/04/22",0
2022-04-06,1,"27-003-1001","Cedar_Creek","North Twin Cities Metro",31,NA,29,NA,"MN","30",32.4,"15",3.6,"04/05/22",0
2022-04-06,1,"27-003-1002","Anoka","North Twin Cities Metro",30,1.1,28,5,"MN","30",32.4,"15",3.6,"04/05/22",0
2022-04-06,1,"27-005-2013","Detroit_Lakes","Detroit Lakes",39,0.8,36,3,"MN","33",35.6,"15",3.6,"04/05/22",0
2022-04-06,1,"27-007-2304","Red_Lake","Red Lake",NA,2.2,NA,9,"MN","30",32.4,"24",5.8,"04/05/22",0
2022-04-06,1,"27-017-7417","Fond_Du_Lac","Fond du Lac",34,-1.5,31,-6,"MN","30",32.4,"10",2.4,"04/05/22",0
2022-04-06,1,"27-021-3410","Leech_Lake","Leech Lake",NA,2.5,NA,10,"MN","30",32.4,"15",3.6,"04/05/22",0
2022-04-06,1,"27-035-3204","Brainerd","Brainerd",34,0.8,31,3,"MN","32",34.6,"15",3.6,"04/05/22",0
2022-04-06,1,"27-037-0470","Apple_Valley","South Twin Cities Metro",NA,-1.3,NA,-5,"MN","30",32.4,"12",2.9,"04/05/22",0
2022-04-06,1,"27-037-0480","Lakeville","South Twin Cities Metro",NA,0.3,NA,1,"MN","30",32.4,"12",2.9,"04/05/22",0
2022-04-06,1,"27-049-5302","Stanton","South Twin Cities Metro",34,NA,31,NA,"MN","30",32.4,"12",2.9,"04/05/22",0
2022-04-06,1,"27-053-0962","MSP","Minneapolis-St. Paul",26,1.3,24,5,"MN","25",27,"20",4.8,"04/05/22",0
2022-04-06,1,"27-053-0963","HC_Anderson","Minneapolis-St. Paul",NA,0.9,NA,4,"MN","25",27,"20",4.8,"04/05/22",0
2022-04-06,1,"27-075-0005","Ely","Ely",40,2.2,37,9,"MN","32",34.6,"14",3.4,"04/05/22",0
2022-04-06,1,"27-083-4210","Marshall","Marshall",39,2.6,36,11,"MN","33",35.6,"18",4.3,"04/05/22",0
2022-04-06,1,"27-095-3051","Mille_Lacs","Mille Lacs",34,NA,31,NA,"MN","30",32.4,"14",3.4,"04/05/22",0
2022-04-06,1,"27-109-5008","Rochester","Rochester",34,0.4,31,2,"MN","30",32.4,"16",3.8,"04/05/22",0
2022-04-06,1,"27-123-0871","Harding","Minneapolis-St. Paul",NA,1.2,NA,5,"MN","25",27,"20",4.8,"04/05/22",0
2022-04-06,1,"27-137-7001","Virginia","Virginia",NA,1.3,NA,5,"MN","30",32.4,"12",2.9,"04/05/22",0
2022-04-06,1,"27-137-7550","Duluth_WDSE","Duluth",36,2.2,33,9,"MN","30",32.4,"12",2.9,"04/05/22",0
2022-04-06,1,"27-139-0505","Shakopee","South Twin Cities Metro",32,-0.4,30,-2,"MN","30",32.4,"12",2.9,"04/05/22",0
2022-04-06,1,"27-145-3052","St_Cloud","St. Cloud",31,2.5,29,10,"MN","30",32.4,"20",4.8,"04/05/22",0
2022-04-06,1,"27-163-6016","Marine_St_Croix","North Twin Cities Metro",30,NA,28,NA,"MN","30",32.4,"15",3.6,"04/05/22",0
2022-04-06,1,"27-171-3201","St_Michael","North Twin Cities Metro",33,0.5,31,2,"MN","30",32.4,"15",3.6,"04/05/22",0
2022-04-06,1,"38-017-1004","Fargo","Moorhead",35,2,32,8,"MN","33",35.6,"23",5.5,"04/05/22",0
2022-04-06,1,"55-063-0012","Winona","Winona",30,1.8,28,8,"MN","32",34.6,"20",4.8,"04/05/22",0
2022-04-07,1,"27-003-1001","Cedar_Creek","North Twin Cities Metro",41,NA,38,NA,"MN","33",35.6,"12",2.9,"04/06/22",0
2022-04-07,1,"27-003-1002","Anoka","North Twin Cities Metro",38,1.5,35,6,"MN","33",35.6,"12",2.9,"04/06/22",0
2022-04-07,1,"27-005-2013","Detroit_Lakes","Detroit Lakes",45,0.5,42,2,"MN","34",36.7,"15",3.6,"04/06/22",0
2022-04-07,1,"27-007-2304","Red_Lake","Red Lake",NA,4.1,NA,17,"MN","31",33.5,"15",3.6,"04/06/22",0
2022-04-07,1,"27-017-7417","Fond_Du_Lac","Fond du Lac",39,-1.2,36,-5,"MN","30",32.4,"10",2.4,"04/06/22",0
2022-04-07,1,"27-021-3410","Leech_Lake","Leech Lake",NA,0.5,NA,2,"MN","32",34.6,"11",2.6,"04/06/22",0
2022-04-07,1,"27-035-3204","Brainerd","Brainerd",41,NA,38,NA,"MN","32",34.6,"12",2.9,"04/06/22",0
2022-04-07,1,"27-037-0470","Apple_Valley","South Twin Cities Metro",NA,-0.6,NA,-2,"MN","32",34.6,"12",2.9,"04/06/22",0
2022-04-07,1,"27-037-0480","Lakeville","South Twin Cities Metro",NA,0.7,NA,3,"MN","32",34.6,"12",2.9,"04/06/22",0
2022-04-07,1,"27-049-5302","Stanton","South Twin Cities Metro",38,NA,35,NA,"MN","32",34.6,"12",2.9,"04/06/22",0
2022-04-07,1,"27-053-0962","MSP","Minneapolis-St. Paul",32,1.7,30,7,"MN","25",27,"16",3.8,"04/06/22",0
2022-04-07,1,"27-053-0963","HC_Anderson","Minneapolis-St. Paul",NA,2,NA,8,"MN","25",27,"16",3.8,"04/06/22",0
2022-04-07,1,"27-075-0005","Ely","Ely",42,3.3,39,14,"MN","35",37.8,"12",2.9,"04/06/22",0
2022-04-07,1,"27-083-4210","Marshall","Marshall",41,5,38,21,"MN","37",40,"15",3.6,"04/06/22",0
2022-04-07,1,"27-095-3051","Mille_Lacs","Mille Lacs",41,NA,38,NA,"MN","31",33.5,"13",3.1,"04/06/22",0
2022-04-07,1,"27-109-5008","Rochester","Rochester",36,0,33,0,"MN","32",34.6,"12",2.9,"04/06/22",0
2022-04-07,1,"27-123-0871","Harding","Minneapolis-St. Paul",NA,0.7,NA,3,"MN","25",27,"16",3.8,"04/06/22",0
2022-04-07,1,"27-137-7001","Virginia","Virginia",NA,2.2,NA,9,"MN","32",34.6,"12",2.9,"04/06/22",0
2022-04-07,1,"27-137-7550","Duluth_WDSE","Duluth",40,0,37,0,"MN","32",34.6,"12",2.9,"04/06/22",0
2022-04-07,1,"27-139-0505","Shakopee","South Twin Cities Metro",39,0.4,36,2,"MN","32",34.6,"12",2.9,"04/06/22",0
2022-04-07,1,"27-145-3052","St_Cloud","St. Cloud",39,1.6,36,7,"MN","32",34.6,"12",2.9,"04/06/22",0
2022-04-07,1,"27-163-6016","Marine_St_Croix","North Twin Cities Metro",38,NA,35,NA,"MN","33",35.6,"12",2.9,"04/06/22",0
2022-04-07,1,"27-171-3201","St_Michael","North Twin Cities Metro",40,0.7,37,3,"MN","33",35.6,"12",2.9,"04/06/22",0
2022-04-07,1,"38-017-1004","Fargo","Moorhead",41,1.7,38,7,"MN","34",36.7,"22",5.3,"04/06/22",0
2022-04-07,1,"55-063-0012","Winona","Winona",36,0.9,33,4,"MN","33",35.6,"12",2.9,"04/06/22",0
2022-04-08,1,"27-003-1001","Cedar_Creek","North Twin Cities Metro",45,NA,42,NA,"MN","37",40,"16",3.8,"04/07/22",0
2022-04-08,1,"27-003-1002","Anoka","North Twin Cities Metro",44,1.4,41,6,"MN","37",40,"16",3.8,"04/07/22",0
2022-04-08,1,"27-005-2013","Detroit_Lakes","Detroit Lakes",45,-0.2,42,-1,"MN","37",40,"15",3.6,"04/07/22",0
2022-04-08,1,"27-007-2304","Red_Lake","Red Lake",NA,3.2,NA,13,"MN","35",37.8,"20",4.8,"04/07/22",0
2022-04-08,1,"27-017-7417","Fond_Du_Lac","Fond du Lac",43,-2.7,40,-11,"MN","32",34.6,"11",2.6,"04/07/22",0
2022-04-08,1,"27-021-3410","Leech_Lake","Leech Lake",NA,2.1,NA,9,"MN","35",37.8,"15",3.6,"04/07/22",0
2022-04-08,1,"27-031-7810","Grand_Portage","Grand Portage",NA,-0.6,NA,-2,"MN","32",34.6,"8",1.9,"04/07/22",0
2022-04-08,1,"27-035-3204","Brainerd","Brainerd",45,NA,42,NA,"MN","35",37.8,"15",3.6,"04/07/22",0
2022-04-08,1,"27-037-0470","Apple_Valley","South Twin Cities Metro",NA,-1.4,NA,-6,"MN","36",38.9,"15",3.6,"04/07/22",0
2022-04-08,1,"27-037-0480","Lakeville","South Twin Cities Metro",NA,-0.6,NA,-2,"MN","36",38.9,"15",3.6,"04/07/22",0
2022-04-08,1,"27-049-5302","Stanton","South Twin Cities Metro",44,NA,41,NA,"MN","36",38.9,"15",3.6,"04/07/22",0
2022-04-08,1,"27-053-0962","MSP","Minneapolis-St. Paul",37,2.2,34,9,"MN","27",29.2,"18",4.3,"04/07/22",0
2022-04-08,1,"27-053-0963","HC_Anderson","Minneapolis-St. Paul",NA,4.3,NA,18,"MN","27",29.2,"18",4.3,"04/07/22",0
2022-04-08,1,"27-075-0005","Ely","Ely",45,2,42,8,"MN","37",40,"15",3.6,"04/07/22",0
2022-04-08,1,"27-083-4210","Marshall","Marshall",45,2.2,42,9,"MN","40",43.2,"18",4.3,"04/07/22",0
2022-04-08,1,"27-095-3051","Mille_Lacs","Mille Lacs",45,NA,42,NA,"MN","34",36.7,"13",3.1,"04/07/22",0
2022-04-08,1,"27-109-5008","Rochester","Rochester",40,0.8,37,3,"MN","35",37.8,"12",2.9,"04/07/22",0
2022-04-08,1,"27-123-0871","Harding","Minneapolis-St. Paul",NA,0.4,NA,2,"MN","27",29.2,"18",4.3,"04/07/22",0
2022-04-08,1,"27-137-7001","Virginia","Virginia",NA,0.3,NA,1,"MN","35",37.8,"15",3.6,"04/07/22",0
2022-04-08,1,"27-137-7550","Duluth_WDSE","Duluth",43,-0.3,40,-1,"MN","33",35.6,"12",2.9,"04/07/22",0
2022-04-08,1,"27-139-0505","Shakopee","South Twin Cities Metro",46,0.3,43,1,"MN","36",38.9,"15",3.6,"04/07/22",0
2022-04-08,1,"27-145-3052","St_Cloud","St. Cloud",47,2,44,8,"MN","36",38.9,"17",4.1,"04/07/22",0
2022-04-08,1,"27-163-6016","Marine_St_Croix","North Twin Cities Metro",41,NA,38,NA,"MN","37",40,"16",3.8,"04/07/22",0
2022-04-08,1,"27-171-3201","St_Michael","North Twin Cities Metro",46,1,43,4,"MN","37",40,"16",3.8,"04/07/22",0
2022-04-08,1,"38-017-1004","Fargo","Moorhead",42,2.5,39,10,"MN","37",40,"20",4.8,"04/07/22",0
2022-04-08,1,"55-063-0012","Winona","Winona",35,1.7,32,7,"MN","35",37.8,"15",3.6,"04/07/22",0
2022-04-09,1,"27-003-1001","Cedar_Creek","North Twin Cities Metro",50,NA,46,NA,"MN","43",46.4,"18",4.3,"04/08/22",0
2022-04-09,1,"27-003-1002","Anoka","North Twin Cities Metro",48,4.6,44,19,"MN","43",46.4,"18",4.3,"04/08/22",0
2022-04-09,1,"27-005-2013","Detroit_Lakes","Detroit Lakes",47,2.5,44,10,"MN","43",46.4,"18",4.3,"04/08/22",0
2022-04-09,1,"27-007-2304","Red_Lake","Red Lake",NA,4.3,NA,18,"MN","40",43.2,"20",4.8,"04/08/22",0
2022-04-09,1,"27-017-7417","Fond_Du_Lac","Fond du Lac",46,-1.6,43,-7,"MN","39",42.1,"13",3.1,"04/08/22",0
2022-04-09,1,"27-021-3410","Leech_Lake","Leech Lake",NA,2.2,NA,9,"MN","40",43.2,"16",3.8,"04/08/22",0
2022-04-09,1,"27-031-7810","Grand_Portage","Grand Portage",NA,-0.2,NA,-1,"MN","37",40,"9",2.2,"04/08/22",0
2022-04-09,1,"27-035-3204","Brainerd","Brainerd",46,NA,43,NA,"MN","40",43.2,"18",4.3,"04/08/22",0
2022-04-09,1,"27-037-0470","Apple_Valley","South Twin Cities Metro",NA,2.3,NA,10,"MN","42",45.4,"20",4.8,"04/08/22",0
2022-04-09,1,"27-037-0480","Lakeville","South Twin Cities Metro",NA,2.1,NA,9,"MN","42",45.4,"20",4.8,"04/08/22",0
2022-04-09,1,"27-049-5302","Stanton","South Twin Cities Metro",50,NA,46,NA,"MN","42",45.4,"20",4.8,"04/08/22",0
2022-04-09,1,"27-053-0962","MSP","Minneapolis-St. Paul",40,4.3,37,18,"MN","33",35.6,"26",6.2,"04/08/22",0
2022-04-09,1,"27-053-0963","HC_Anderson","Minneapolis-St. Paul",NA,4.8,NA,20,"MN","33",35.6,"26",6.2,"04/08/22",0
2022-04-09,1,"27-075-0005","Ely","Ely",48,4,44,17,"MN","39",42.1,"14",3.4,"04/08/22",0
2022-04-09,1,"27-083-4210","Marshall","Marshall",48,3.2,44,13,"MN","43",46.4,"17",4.1,"04/08/22",0
2022-04-09,1,"27-095-3051","Mille_Lacs","Mille Lacs",44,NA,41,NA,"MN","41",44.3,"16",3.8,"04/08/22",0
2022-04-09,1,"27-109-5008","Rochester","Rochester",50,4.5,46,19,"MN","40",43.2,"15",3.6,"04/08/22",0
2022-04-09,1,"27-137-7001","Virginia","Virginia",NA,1.2,NA,5,"MN","39",42.1,"20",4.8,"04/08/22",0
2022-04-09,1,"27-137-7550","Duluth_WDSE","Duluth",45,1.5,42,6,"MN","40",43.2,"18",4.3,"04/08/22",0
2022-04-09,1,"27-139-0505","Shakopee","South Twin Cities Metro",48,1.7,44,7,"MN","42",45.4,"20",4.8,"04/08/22",0
2022-04-09,1,"27-145-3052","St_Cloud","St. Cloud",47,3.9,44,16,"MN","43",46.4,"20",4.8,"04/08/22",0
2022-04-09,1,"27-163-6016","Marine_St_Croix","North Twin Cities Metro",46,NA,43,NA,"MN","43",46.4,"18",4.3,"04/08/22",0
2022-04-09,1,"27-171-3201","St_Michael","North Twin Cities Metro",50,2,46,8,"MN","43",46.4,"18",4.3,"04/08/22",0
2022-04-09,1,"38-017-1004","Fargo","Moorhead",42,4.1,39,17,"MN","40",43.2,"20",4.8,"04/08/22",0
2022-04-09,1,"55-063-0012","Winona","Winona",45,3.7,42,15,"MN","37",40,"18",4.3,"04/08/22",0
2022-04-10,2,"27-003-1001","Cedar_Creek","North Twin Cities Metro",50,NA,46,NA,"MN","green",NA,"green",NA,"04/08/22",0
2022-04-10,2,"27-003-1002","Anoka","North Twin Cities Metro",49,6.5,45,27,"MN","green",NA,"green",NA,"04/08/22",0
2022-04-10,2,"27-005-2013","Detroit_Lakes","Detroit Lakes",45,5.5,42,23,"MN","green",NA,"green",NA,"04/08/22",0
2022-04-10,2,"27-007-2304","Red_Lake","Red Lake",NA,7.5,NA,31,"MN","green",NA,"green",NA,"04/08/22",0
2022-04-10,2,"27-017-7417","Fond_Du_Lac","Fond du Lac",41,-0.9,38,-4,"MN","green",NA,"green",NA,"04/08/22",0
2022-04-10,2,"27-021-3410","Leech_Lake","Leech Lake",NA,5.1,NA,21,"MN","green",NA,"green",NA,"04/08/22",0
2022-04-10,2,"27-031-7810","Grand_Portage","Grand Portage",NA,-0.4,NA,-2,"MN","green",NA,"green",NA,"04/08/22",0
2022-04-10,2,"27-035-3204","Brainerd","Brainerd",46,NA,43,NA,"MN","green",NA,"green",NA,"04/08/22",0
2022-04-10,2,"27-037-0470","Apple_Valley","South Twin Cities Metro",NA,3.6,NA,15,"MN","green",NA,"green",NA,"04/08/22",0
2022-04-10,2,"27-037-0480","Lakeville","South Twin Cities Metro",NA,4.9,NA,20,"MN","green",NA,"green",NA,"04/08/22",0
2022-04-10,2,"27-049-5302","Stanton","South Twin Cities Metro",49,NA,45,NA,"MN","green",NA,"green",NA,"04/08/22",0
2022-04-10,2,"27-053-0962","MSP","Minneapolis-St. Paul",46,6.3,43,26,"MN","green",NA,"green",NA,"04/08/22",0
2022-04-10,2,"27-053-0963","HC_Anderson","Minneapolis-St. Paul",NA,7,NA,29,"MN","green",NA,"green",NA,"04/08/22",0
2022-04-10,2,"27-075-0005","Ely","Ely",49,2.4,45,10,"MN","green",NA,"green",NA,"04/08/22",0
2022-04-10,2,"27-083-4210","Marshall","Marshall",41,6.2,38,26,"MN","green",NA,"green",NA,"04/08/22",0
2022-04-10,2,"27-095-3051","Mille_Lacs","Mille Lacs",47,NA,44,NA,"MN","green",NA,"green",NA,"04/08/22",0
2022-04-10,2,"27-109-5008","Rochester","Rochester",50,5.2,46,22,"MN","green",NA,"green",NA,"04/08/22",0
2022-04-10,2,"27-137-7001","Virginia","Virginia",NA,3.2,NA,13,"MN","green",NA,"green",NA,"04/08/22",0
2022-04-10,2,"27-137-7550","Duluth_WDSE","Duluth",46,2.4,43,10,"MN","green",NA,"green",NA,"04/08/22",0
2022-04-10,2,"27-139-0505","Shakopee","South Twin Cities Metro",48,6.5,44,27,"MN","green",NA,"green",NA,"04/08/22",0
2022-04-10,2,"27-145-3052","St_Cloud","St. Cloud",47,7.3,44,30,"MN","green",NA,"green",NA,"04/08/22",0
2022-04-10,2,"27-163-6016","Marine_St_Croix","North Twin Cities Metro",47,NA,44,NA,"MN","green",NA,"green",NA,"04/08/22",0
2022-04-10,2,"27-171-3201","St_Michael","North Twin Cities Metro",49,6,45,25,"MN","green",NA,"green",NA,"04/08/22",0
2022-04-10,2,"38-017-1004","Fargo","Moorhead",37,6.3,34,26,"MN","green",NA,"green",NA,"04/08/22",0
2022-04-10,2,"55-063-0012","Winona","Winona",49,5.6,45,23,"MN","green",NA,"green",NA,"04/08/22",0
2022-04-11,3,"27-003-1001","Cedar_Creek","North Twin Cities Metro",46,NA,43,NA,"MN","green",NA,"green",NA,"04/08/22",0
2022-04-11,3,"27-003-1002","Anoka","North Twin Cities Metro",44,4,41,17,"MN","green",NA,"green",NA,"04/08/22",0
2022-04-11,3,"27-005-2013","Detroit_Lakes","Detroit Lakes",42,2.2,39,9,"MN","green",NA,"green",NA,"04/08/22",0
2022-04-11,3,"27-007-2304","Red_Lake","Red Lake",NA,4,NA,17,"MN","green",NA,"green",NA,"04/08/22",0
2022-04-11,3,"27-017-7417","Fond_Du_Lac","Fond du Lac",42,0.5,39,2,"MN","green",NA,"green",NA,"04/08/22",0
2022-04-11,3,"27-021-3410","Leech_Lake","Leech Lake",NA,4,NA,17,"MN","green",NA,"green",NA,"04/08/22",0
2022-04-11,3,"27-031-7810","Grand_Portage","Grand Portage",NA,-0.3,NA,-1,"MN","green",NA,"green",NA,"04/08/22",0
2022-04-11,3,"27-035-3204","Brainerd","Brainerd",42,NA,39,NA,"MN","green",NA,"green",NA,"04/08/22",0
2022-04-11,3,"27-037-0470","Apple_Valley","South Twin Cities Metro",NA,2.3,NA,10,"MN","green",NA,"green",NA,"04/08/22",0
2022-04-11,3,"27-037-0480","Lakeville","South Twin Cities Metro",NA,2.8,NA,12,"MN","green",NA,"green",NA,"04/08/22",0
2022-04-11,3,"27-049-5302","Stanton","South Twin Cities Metro",46,NA,43,NA,"MN","green",NA,"green",NA,"04/08/22",0
2022-04-11,3,"27-053-0962","MSP","Minneapolis-St. Paul",39,2.7,36,11,"MN","green",NA,"green",NA,"04/08/22",0
2022-04-11,3,"27-053-0963","HC_Anderson","Minneapolis-St. Paul",NA,4.2,NA,18,"MN","green",NA,"green",NA,"04/08/22",0
2022-04-11,3,"27-075-0005","Ely","Ely",44,3.7,41,15,"MN","green",NA,"green",NA,"04/08/22",0
2022-04-11,3,"27-083-4210","Marshall","Marshall",43,2.2,40,9,"MN","green",NA,"green",NA,"04/08/22",0
2022-04-11,3,"27-095-3051","Mille_Lacs","Mille Lacs",42,NA,39,NA,"MN","green",NA,"green",NA,"04/08/22",0
2022-04-11,3,"27-109-5008","Rochester","Rochester",47,2.8,44,12,"MN","green",NA,"green",NA,"04/08/22",0
2022-04-11,3,"27-137-7001","Virginia","Virginia",NA,2.2,NA,9,"MN","green",NA,"green",NA,"04/08/22",0
2022-04-11,3,"27-137-7550","Duluth_WDSE","Duluth",41,3.8,38,16,"MN","green",NA,"green",NA,"04/08/22",0
2022-04-11,3,"27-139-0505","Shakopee","South Twin Cities Metro",45,3.8,42,16,"MN","green",NA,"green",NA,"04/08/22",0
2022-04-11,3,"27-145-3052","St_Cloud","St. Cloud",43,3.9,40,16,"MN","green",NA,"green",NA,"04/08/22",0
2022-04-11,3,"27-163-6016","Marine_St_Croix","North Twin Cities Metro",46,NA,43,NA,"MN","green",NA,"green",NA,"04/08/22",0
2022-04-11,3,"27-171-3201","St_Michael","North Twin Cities Metro",46,2.7,43,11,"MN","green",NA,"green",NA,"04/08/22",0
2022-04-11,3,"38-017-1004","Fargo","Moorhead",43,3.3,40,14,"MN","green",NA,"green",NA,"04/08/22",0
2022-04-11,3,"55-063-0012","Winona","Winona",46,4.1,43,17,"MN","green",NA,"green",NA,"04/08/22",0
2022-04-12,1,"27-003-1001","Cedar_Creek","North Twin Cities Metro",47,NA,44,NA,"MN","42",45.4,"30",7.2,"04/11/22",0
2022-04-12,1,"27-003-1002","Anoka","North Twin Cities Metro",44,6.2,41,26,"MN","42",45.4,"30",7.2,"04/11/22",0
2022-04-12,1,"27-005-2013","Detroit_Lakes","Detroit Lakes",44,2.7,41,11,"MN","36",38.9,"10",2.4,"04/11/22",0
2022-04-12,1,"27-007-2304","Red_Lake","Red Lake",NA,5.7,NA,24,"MN","36",38.9,"15",3.6,"04/11/22",0
2022-04-12,1,"27-017-7417","Fond_Du_Lac","Fond du Lac",42,1.2,39,5,"MN","40",43.2,"5",1.2,"04/11/22",0
2022-04-12,1,"27-021-3410","Leech_Lake","Leech Lake",NA,3.1,NA,13,"MN","38",41,"26",6.2,"04/11/22",0
2022-04-12,1,"27-031-7810","Grand_Portage","Grand Portage",NA,0.6,NA,2,"MN","37",40,"5",1.2,"04/11/22",0
2022-04-12,1,"27-035-3204","Brainerd","Brainerd",42,NA,39,NA,"MN","38",41,"12",2.9,"04/11/22",0
2022-04-12,1,"27-037-0470","Apple_Valley","South Twin Cities Metro",NA,4,NA,17,"MN","42",45.4,"24",5.8,"04/11/22",0
2022-04-12,1,"27-037-0480","Lakeville","South Twin Cities Metro",NA,4.7,NA,20,"MN","42",45.4,"24",5.8,"04/11/22",0
2022-04-12,1,"27-049-5302","Stanton","South Twin Cities Metro",45,NA,42,NA,"MN","42",45.4,"24",5.8,"04/11/22",0
2022-04-12,1,"27-053-0962","MSP","Minneapolis-St. Paul",40,6.5,37,27,"MN","35",37.8,"32",7.7,"04/11/22",0
2022-04-12,1,"27-053-0963","HC_Anderson","Minneapolis-St. Paul",NA,7.5,NA,31,"MN","35",37.8,"32",7.7,"04/11/22",0
2022-04-12,1,"27-075-0005","Ely","Ely",45,3.3,42,14,"MN","39",42.1,"14",3.4,"04/11/22",0
2022-04-12,1,"27-083-4210","Marshall","Marshall",34,7.1,31,30,"MN","38",41,"14",3.4,"04/11/22",0
2022-04-12,1,"27-095-3051","Mille_Lacs","Mille Lacs",42,NA,39,NA,"MN","40",43.2,"12",2.9,"04/11/22",0
2022-04-12,1,"27-109-5008","Rochester","Rochester",44,5.3,41,22,"MN","42",45.4,"18",4.3,"04/11/22",0
2022-04-12,1,"27-137-7001","Virginia","Virginia",NA,3.1,NA,13,"MN","40",43.2,"18",4.3,"04/11/22",0
2022-04-12,1,"27-137-7550","Duluth_WDSE","Duluth",46,5.1,43,21,"MN","38",41,"18",4.3,"04/11/22",0
2022-04-12,1,"27-139-0505","Shakopee","South Twin Cities Metro",41,6.6,38,28,"MN","42",45.4,"24",5.8,"04/11/22",0
2022-04-12,1,"27-145-3052","St_Cloud","St. Cloud",43,4.4,40,18,"MN","40",43.2,"20",4.8,"04/11/22",0
2022-04-12,1,"27-163-6016","Marine_St_Croix","North Twin Cities Metro",42,NA,39,NA,"MN","42",45.4,"30",7.2,"04/11/22",0
2022-04-12,1,"27-171-3201","St_Michael","North Twin Cities Metro",45,4.1,42,17,"MN","42",45.4,"30",7.2,"04/11/22",0
2022-04-12,1,"38-017-1004","Fargo","Moorhead",39,3.8,36,16,"MN","34",36.7,"13",3.1,"04/11/22",0
2022-04-12,1,"55-063-0012","Winona","Winona",45,7.4,42,31,"MN","42",45.4,"32",7.7,"04/11/22",0
2022-04-13,1,"27-003-1001","Cedar_Creek","North Twin Cities Metro",29,NA,27,NA,"MN","38",41,"21",5,"04/12/22",0
2022-04-13,1,"27-003-1002","Anoka","North Twin Cities Metro",27,4,25,17,"MN","38",41,"21",5,"04/12/22",0
2022-04-13,1,"27-005-2013","Detroit_Lakes","Detroit Lakes",31,1.7,29,7,"MN","36",38.9,"13",3.1,"04/12/22",0
2022-04-13,1,"27-007-2304","Red_Lake","Red Lake",NA,3.1,NA,13,"MN","34",36.7,"22",5.3,"04/12/22",0
2022-04-13,1,"27-017-7417","Fond_Du_Lac","Fond du Lac",39,-1.3,36,-5,"MN","30",32.4,"5",1.2,"04/12/22",0
2022-04-13,1,"27-021-3410","Leech_Lake","Leech Lake",NA,2.2,NA,9,"MN","36",38.9,"6",1.4,"04/12/22",0
2022-04-13,1,"27-031-7810","Grand_Portage","Grand Portage",NA,0.2,NA,1,"MN","34",36.7,"5",1.2,"04/12/22",0
2022-04-13,1,"27-035-3204","Brainerd","Brainerd",32,5.1,30,21,"MN","36",38.9,"13",3.1,"04/12/22",0
2022-04-13,1,"27-037-0470","Apple_Valley","South Twin Cities Metro",NA,2.2,NA,9,"MN","40",43.2,"14",3.4,"04/12/22",0
2022-04-13,1,"27-037-0480","Lakeville","South Twin Cities Metro",NA,3.1,NA,13,"MN","40",43.2,"14",3.4,"04/12/22",0
2022-04-13,1,"27-049-5302","Stanton","South Twin Cities Metro",30,NA,28,NA,"MN","40",43.2,"14",3.4,"04/12/22",0
2022-04-13,1,"27-053-0962","MSP","Minneapolis-St. Paul",26,4.4,24,18,"MN","32",34.6,"23",5.5,"04/12/22",0
2022-04-13,1,"27-053-0963","HC_Anderson","Minneapolis-St. Paul",NA,5.6,NA,23,"MN","32",34.6,"23",5.5,"04/12/22",0
2022-04-13,1,"27-075-0005","Ely","Ely",46,1.6,43,7,"MN","40",43.2,"10",2.4,"04/12/22",0
2022-04-13,1,"27-083-4210","Marshall","Marshall",30,3.7,28,15,"MN","30",32.4,"22",5.3,"04/12/22",0
2022-04-13,1,"27-095-3051","Mille_Lacs","Mille Lacs",32,NA,30,NA,"MN","33",35.6,"12",2.9,"04/12/22",0
2022-04-13,1,"27-109-5008","Rochester","Rochester",28,2.7,26,11,"MN","40",43.2,"12",2.9,"04/12/22",0
2022-04-13,1,"27-137-7001","Virginia","Virginia",NA,0.4,NA,2,"MN","38",41,"10",2.4,"04/12/22",0
2022-04-13,1,"27-137-7550","Duluth_WDSE","Duluth",43,1.2,40,5,"MN","38",41,"14",3.4,"04/12/22",0
2022-04-13,1,"27-139-0505","Shakopee","South Twin Cities Metro",30,3.2,28,13,"MN","40",43.2,"14",3.4,"04/12/22",0
2022-04-13,1,"27-145-3052","St_Cloud","St. Cloud",28,4.5,26,19,"MN","33",35.6,"12",2.9,"04/12/22",0
2022-04-13,1,"27-163-6016","Marine_St_Croix","North Twin Cities Metro",28,NA,26,NA,"MN","38",41,"21",5,"04/12/22",0
2022-04-13,1,"27-171-3201","St_Michael","North Twin Cities Metro",31,2.5,29,10,"MN","38",41,"21",5,"04/12/22",0
2022-04-13,1,"38-017-1004","Fargo","Moorhead",29,3.1,27,13,"MN","30",32.4,"12",2.9,"04/12/22",0
2022-04-13,1,"55-063-0012","Winona","Winona",26,5.6,24,23,"MN","38",41,"16",3.8,"04/12/22",0
2022-04-14,1,"27-003-1001","Cedar_Creek","North Twin Cities Metro",36,NA,33,NA,"MN","27",29.2,"16",3.8,"04/13/22",0
2022-04-14,1,"27-003-1002","Anoka","North Twin Cities Metro",34,2.6,31,11,"MN","27",29.2,"16",3.8,"04/13/22",0
2022-04-14,1,"27-005-2013","Detroit_Lakes","Detroit Lakes",35,1.6,32,7,"MN","27",29.2,"13",3.1,"04/13/22",0
2022-04-14,1,"27-007-2304","Red_Lake","Red Lake",NA,5.2,NA,22,"MN","25",27,"16",3.8,"04/13/22",0
2022-04-14,1,"27-017-7417","Fond_Du_Lac","Fond du Lac",32,-1.3,30,-5,"MN","34",36.7,"5",1.2,"04/13/22",0
2022-04-14,1,"27-021-3410","Leech_Lake","Leech Lake",NA,2,NA,8,"MN","27",29.2,"15",3.6,"04/13/22",0
2022-04-14,1,"27-031-7810","Grand_Portage","Grand Portage",NA,0.1,NA,0,"MN","34",36.7,"7",1.7,"04/13/22",0
2022-04-14,1,"27-035-3204","Brainerd","Brainerd",33,5.6,31,23,"MN","27",29.2,"18",4.3,"04/13/22",0
2022-04-14,1,"27-037-0470","Apple_Valley","South Twin Cities Metro",NA,0,NA,0,"MN","28",30.2,"14",3.4,"04/13/22",0
2022-04-14,1,"27-037-0480","Lakeville","South Twin Cities Metro",NA,1.5,NA,6,"MN","28",30.2,"14",3.4,"04/13/22",0
2022-04-14,1,"27-049-5302","Stanton","South Twin Cities Metro",34,NA,31,NA,"MN","28",30.2,"14",3.4,"04/13/22",0
2022-04-14,1,"27-053-0962","MSP","Minneapolis-St. Paul",33,3.2,31,13,"MN","24",25.9,"20",4.8,"04/13/22",0
2022-04-14,1,"27-075-0005","Ely","Ely",32,2.8,30,12,"MN","38",41,"16",3.8,"04/13/22",0
2022-04-14,1,"27-083-4210","Marshall","Marshall",34,16.4,31,60,"MN","26",28.1,"17",4.1,"04/13/22",0
2022-04-14,1,"27-095-3051","Mille_Lacs","Mille Lacs",35,NA,32,NA,"MN","24",25.9,"20",4.8,"04/13/22",0
2022-04-14,1,"27-109-5008","Rochester","Rochester",33,1.3,31,5,"MN","27",29.2,"12",2.9,"04/13/22",0
2022-04-14,1,"27-123-0871","Harding","Minneapolis-St. Paul",NA,3.6,NA,15,"MN","24",25.9,"20",4.8,"04/13/22",0
2022-04-14,1,"27-137-7001","Virginia","Virginia",NA,0.9,NA,4,"MN","32",34.6,"10",2.4,"04/13/22",0
2022-04-14,1,"27-137-7550","Duluth_WDSE","Duluth",32,2,30,8,"MN","36",38.9,"16",3.8,"04/13/22",0
2022-04-14,1,"27-139-0505","Shakopee","South Twin Cities Metro",35,2.8,32,12,"MN","28",30.2,"14",3.4,"04/13/22",0
2022-04-14,1,"27-145-3052","St_Cloud","St. Cloud",34,2.6,31,11,"MN","23",24.8,"15",3.6,"04/13/22",0
2022-04-14,1,"27-163-6016","Marine_St_Croix","North Twin Cities Metro",34,NA,31,NA,"MN","27",29.2,"16",3.8,"04/13/22",0
2022-04-14,1,"27-171-3201","St_Michael","North Twin Cities Metro",37,2.7,34,11,"MN","27",29.2,"16",3.8,"04/13/22",0
2022-04-14,1,"38-017-1004","Fargo","Moorhead",34,3,31,12,"MN","27",29.2,"14",3.4,"04/13/22",0
2022-04-14,1,"55-063-0012","Winona","Winona",33,4.3,31,18,"MN","24",25.9,"15",3.6,"04/13/22",0
2022-04-15,1,"27-003-1001","Cedar_Creek","North Twin Cities Metro",38,NA,35,NA,"MN","28",30.2,"16",3.8,"04/14/22",0
2022-04-15,1,"27-003-1002","Anoka","North Twin Cities Metro",35,2.4,32,10,"MN","28",30.2,"16",3.8,"04/14/22",0
2022-04-15,1,"27-005-2013","Detroit_Lakes","Detroit Lakes",41,1.4,38,6,"MN","30",32.4,"13",3.1,"04/14/22",0
2022-04-15,1,"27-007-2304","Red_Lake","Red Lake",NA,5.2,NA,22,"MN","25",27,"14",3.4,"04/14/22",0
2022-04-15,1,"27-017-7417","Fond_Du_Lac","Fond du Lac",36,-0.8,33,-3,"MN","24",25.9,"5",1.2,"04/14/22",0
2022-04-15,1,"27-021-3410","Leech_Lake","Leech Lake",NA,2.2,NA,9,"MN","25",27,"13",3.1,"04/14/22",0
2022-04-15,1,"27-031-7810","Grand_Portage","Grand Portage",NA,0.2,NA,1,"MN","25",27,"5",1.2,"04/14/22",0
2022-04-15,1,"27-035-3204","Brainerd","Brainerd",39,4.7,36,20,"MN","25",27,"22",5.3,"04/14/22",0
2022-04-15,1,"27-037-0470","Apple_Valley","South Twin Cities Metro",NA,0.4,NA,2,"MN","30",32.4,"16",3.8,"04/14/22",0
2022-04-15,1,"27-037-0480","Lakeville","South Twin Cities Metro",NA,2.2,NA,9,"MN","30",32.4,"16",3.8,"04/14/22",0
2022-04-15,1,"27-049-5302","Stanton","South Twin Cities Metro",37,NA,34,NA,"MN","30",32.4,"16",3.8,"04/14/22",0
2022-04-15,1,"27-053-0962","MSP","Minneapolis-St. Paul",34,3.5,31,15,"MN","29",31.3,"20",4.8,"04/14/22",0
2022-04-15,1,"27-075-0005","Ely","Ely",35,2.5,32,10,"MN","26",28.1,"14",3.4,"04/14/22",0
2022-04-15,1,"27-083-4210","Marshall","Marshall",40,2.3,37,10,"MN","30",32.4,"15",3.6,"04/14/22",0
2022-04-15,1,"27-095-3051","Mille_Lacs","Mille Lacs",39,NA,36,NA,"MN","26",28.1,"22",5.3,"04/14/22",0
2022-04-15,1,"27-109-5008","Rochester","Rochester",35,-0.2,32,-1,"MN","30",32.4,"15",3.6,"04/14/22",0
2022-04-15,1,"27-123-0871","Harding","Minneapolis-St. Paul",NA,3.4,NA,14,"MN","29",31.3,"20",4.8,"04/14/22",0
2022-04-15,1,"27-137-7001","Virginia","Virginia",NA,2,NA,8,"MN","26",28.1,"5",1.2,"04/14/22",0
2022-04-15,1,"27-137-7550","Duluth_WDSE","Duluth",36,0.4,33,2,"MN","23",24.8,"15",3.6,"04/14/22",0
2022-04-15,1,"27-139-0505","Shakopee","South Twin Cities Metro",36,1.2,33,5,"MN","30",32.4,"16",3.8,"04/14/22",0
2022-04-15,1,"27-145-3052","St_Cloud","St. Cloud",38,3.5,35,15,"MN","25",27,"12",2.9,"04/14/22",0
2022-04-15,1,"27-163-6016","Marine_St_Croix","North Twin Cities Metro",35,NA,32,NA,"MN","28",30.2,"16",3.8,"04/14/22",0
2022-04-15,1,"27-171-3201","St_Michael","North Twin Cities Metro",38,2,35,8,"MN","28",30.2,"16",3.8,"04/14/22",0
2022-04-15,1,"38-017-1004","Fargo","Moorhead",40,2.8,37,12,"MN","32",34.6,"16",3.8,"04/14/22",0
2022-04-15,1,"55-063-0012","Winona","Winona",33,2.3,31,10,"MN","28",30.2,"14",3.4,"04/14/22",0
2022-04-16,1,"27-003-1001","Cedar_Creek","North Twin Cities Metro",44,NA,41,NA,"MN","35",37.8,"12",2.9,"04/15/22",0
2022-04-16,1,"27-003-1002","Anoka","North Twin Cities Metro",45,3,42,12,"MN","35",37.8,"12",2.9,"04/15/22",0
2022-04-16,1,"27-005-2013","Detroit_Lakes","Detroit Lakes",48,1.6,44,7,"MN","34",36.7,"10",2.4,"04/15/22",0
2022-04-16,1,"27-007-2304","Red_Lake","Red Lake",NA,4.9,NA,20,"MN","30",32.4,"20",4.8,"04/15/22",0
2022-04-16,1,"27-017-7417","Fond_Du_Lac","Fond du Lac",43,-0.9,40,-4,"MN","30",32.4,"5",1.2,"04/15/22",0
2022-04-16,1,"27-021-3410","Leech_Lake","Leech Lake",NA,5.7,NA,24,"MN","30",32.4,"8",1.9,"04/15/22",0
2022-04-16,1,"27-031-7810","Grand_Portage","Grand Portage",NA,0,NA,0,"MN","30",32.4,"5",1.2,"04/15/22",0
2022-04-16,1,"27-035-3204","Brainerd","Brainerd",44,4.6,41,19,"MN","30",32.4,"20",4.8,"04/15/22",0
2022-04-16,1,"27-037-0470","Apple_Valley","South Twin Cities Metro",NA,0.7,NA,3,"MN","34",36.7,"17",4.1,"04/15/22",0
2022-04-16,1,"27-037-0480","Lakeville","South Twin Cities Metro",NA,2.1,NA,9,"MN","34",36.7,"17",4.1,"04/15/22",0
2022-04-16,1,"27-049-5302","Stanton","South Twin Cities Metro",48,NA,44,NA,"MN","34",36.7,"17",4.1,"04/15/22",0
2022-04-16,1,"27-053-0962","MSP","Minneapolis-St. Paul",41,4.5,38,19,"MN","28",30.2,"23",5.5,"04/15/22",0
2022-04-16,1,"27-053-0963","HC_Anderson","Minneapolis-St. Paul",NA,3.4,NA,14,"MN","28",30.2,"23",5.5,"04/15/22",0
2022-04-16,1,"27-075-0005","Ely","Ely",44,3.3,41,14,"MN","34",36.7,"10",2.4,"04/15/22",0
2022-04-16,1,"27-083-4210","Marshall","Marshall",46,3.9,43,16,"MN","32",34.6,"10",2.4,"04/15/22",0
2022-04-16,1,"27-095-3051","Mille_Lacs","Mille Lacs",44,NA,41,NA,"MN","30",32.4,"green",NA,"04/15/22",0
2022-04-16,1,"27-109-5008","Rochester","Rochester",46,2.6,43,11,"MN","32",34.6,"15",3.6,"04/15/22",0
2022-04-16,1,"27-123-0871","Harding","Minneapolis-St. Paul",NA,3.5,NA,15,"MN","28",30.2,"23",5.5,"04/15/22",0
2022-04-16,1,"27-137-7001","Virginia","Virginia",NA,2.1,NA,9,"MN","33",35.6,"12",2.9,"04/15/22",0
2022-04-16,1,"27-137-7550","Duluth_WDSE","Duluth",44,0.8,41,3,"MN","32",34.6,"10",2.4,"04/15/22",0
2022-04-16,1,"27-139-0505","Shakopee","South Twin Cities Metro",47,3,44,12,"MN","34",36.7,"17",4.1,"04/15/22",0
2022-04-16,1,"27-145-3052","St_Cloud","St. Cloud",46,3,43,12,"MN","30",32.4,"14",3.4,"04/15/22",0
2022-04-16,1,"27-163-6016","Marine_St_Croix","North Twin Cities Metro",42,NA,39,NA,"MN","35",37.8,"12",2.9,"04/15/22",0
2022-04-16,1,"27-171-3201","St_Michael","North Twin Cities Metro",48,2.7,44,11,"MN","35",37.8,"12",2.9,"04/15/22",0
2022-04-16,1,"38-017-1004","Fargo","Moorhead",46,3.2,43,13,"MN","35",37.8,"green",NA,"04/15/22",0
2022-04-16,1,"55-063-0012","Winona","Winona",43,4.2,40,18,"MN","32",34.6,"16",3.8,"04/15/22",0
2022-04-17,2,"27-003-1001","Cedar_Creek","North Twin Cities Metro",44,NA,41,NA,"MN","green",NA,"green",NA,"04/15/22",0
2022-04-17,2,"27-003-1002","Anoka","North Twin Cities Metro",41,5.9,38,25,"MN","green",NA,"green",NA,"04/15/22",0
2022-04-17,2,"27-005-2013","Detroit_Lakes","Detroit Lakes",45,3.2,42,13,"MN","green",NA,"green",NA,"04/15/22",0
2022-04-17,2,"27-007-2304","Red_Lake","Red Lake",NA,5.5,NA,23,"MN","green",NA,"green",NA,"04/15/22",0
2022-04-17,2,"27-017-7417","Fond_Du_Lac","Fond du Lac",38,-0.7,35,-3,"MN","green",NA,"green",NA,"04/15/22",0
2022-04-17,2,"27-021-3410","Leech_Lake","Leech Lake",NA,8.6,NA,36,"MN","green",NA,"green",NA,"04/15/22",0
2022-04-17,2,"27-031-7810","Grand_Portage","Grand Portage",NA,0.7,NA,3,"MN","green",NA,"green",NA,"04/15/22",0
2022-04-17,2,"27-035-3204","Brainerd","Brainerd",43,5.3,40,22,"MN","green",NA,"green",NA,"04/15/22",0
2022-04-17,2,"27-037-0470","Apple_Valley","South Twin Cities Metro",NA,1.7,NA,7,"MN","green",NA,"green",NA,"04/15/22",0
2022-04-17,2,"27-037-0480","Lakeville","South Twin Cities Metro",NA,3.2,NA,13,"MN","green",NA,"green",NA,"04/15/22",0
2022-04-17,2,"27-049-5302","Stanton","South Twin Cities Metro",43,NA,40,NA,"MN","green",NA,"green",NA,"04/15/22",0
2022-04-17,2,"27-053-0962","MSP","Minneapolis-St. Paul",40,5.6,37,23,"MN","green",NA,"green",NA,"04/15/22",0
2022-04-17,2,"27-053-0963","HC_Anderson","Minneapolis-St. Paul",NA,5.9,NA,25,"MN","green",NA,"green",NA,"04/15/22",0
2022-04-17,2,"27-075-0005","Ely","Ely",40,2.3,37,10,"MN","green",NA,"green",NA,"04/15/22",0
2022-04-17,2,"27-083-4210","Marshall","Marshall",43,5.1,40,21,"MN","green",NA,"green",NA,"04/15/22",0
2022-04-17,2,"27-095-3051","Mille_Lacs","Mille Lacs",45,NA,42,NA,"MN","green",NA,"green",NA,"04/15/22",0
2022-04-17,2,"27-109-5008","Rochester","Rochester",41,4.9,38,20,"MN","green",NA,"green",NA,"04/15/22",0
2022-04-17,2,"27-123-0871","Harding","Minneapolis-St. Paul",NA,6.3,NA,26,"MN","green",NA,"green",NA,"04/15/22",0
2022-04-17,2,"27-137-7001","Virginia","Virginia",NA,1.4,NA,6,"MN","green",NA,"green",NA,"04/15/22",0
2022-04-17,2,"27-137-7550","Duluth_WDSE","Duluth",38,0.4,35,2,"MN","green",NA,"green",NA,"04/15/22",0
2022-04-17,2,"27-139-0505","Shakopee","South Twin Cities Metro",44,4.2,41,18,"MN","green",NA,"green",NA,"04/15/22",0
2022-04-17,2,"27-145-3052","St_Cloud","St. Cloud",45,5.4,42,22,"MN","green",NA,"green",NA,"04/15/22",0
2022-04-17,2,"27-163-6016","Marine_St_Croix","North Twin Cities Metro",41,NA,38,NA,"MN","green",NA,"green",NA,"04/15/22",0
2022-04-17,2,"27-171-3201","St_Michael","North Twin Cities Metro",46,4.6,43,19,"MN","green",NA,"green",NA,"04/15/22",0
2022-04-17,2,"38-017-1004","Fargo","Moorhead",43,4.6,40,19,"MN","green",NA,"green",NA,"04/15/22",0
2022-04-17,2,"55-063-0012","Winona","Winona",42,4.4,39,18,"MN","green",NA,"green",NA,"04/15/22",0
2022-04-18,3,"27-003-1001","Cedar_Creek","North Twin Cities Metro",41,NA,38,NA,"MN","green",NA,"green",NA,"04/15/22",0
2022-04-18,3,"27-003-1002","Anoka","North Twin Cities Metro",40,2.5,37,10,"MN","green",NA,"green",NA,"04/15/22",0
2022-04-18,3,"27-005-2013","Detroit_Lakes","Detroit Lakes",50,2.8,46,12,"MN","green",NA,"green",NA,"04/15/22",0
2022-04-18,3,"27-007-2304","Red_Lake","Red Lake",NA,5.1,NA,21,"MN","green",NA,"green",NA,"04/15/22",0
2022-04-18,3,"27-017-7417","Fond_Du_Lac","Fond du Lac",37,-1.2,34,-5,"MN","green",NA,"green",NA,"04/15/22",0
2022-04-18,3,"27-021-3410","Leech_Lake","Leech Lake",NA,6.1,NA,25,"MN","green",NA,"green",NA,"04/15/22",0
2022-04-18,3,"27-031-7810","Grand_Portage","Grand Portage",NA,-0.9,NA,-4,"MN","green",NA,"green",NA,"04/15/22",0
2022-04-18,3,"27-035-3204","Brainerd","Brainerd",43,5.8,40,24,"MN","green",NA,"green",NA,"04/15/22",0
2022-04-18,3,"27-037-0470","Apple_Valley","South Twin Cities Metro",NA,1.3,NA,5,"MN","green",NA,"green",NA,"04/15/22",0
2022-04-18,3,"27-037-0480","Lakeville","South Twin Cities Metro",NA,0.7,NA,3,"MN","green",NA,"green",NA,"04/15/22",0
2022-04-18,3,"27-049-5302","Stanton","South Twin Cities Metro",42,NA,39,NA,"MN","green",NA,"green",NA,"04/15/22",0
2022-04-18,3,"27-053-0962","MSP","Minneapolis-St. Paul",34,3.2,31,13,"MN","green",NA,"green",NA,"04/15/22",0
2022-04-18,3,"27-053-0963","HC_Anderson","Minneapolis-St. Paul",NA,3,NA,12,"MN","green",NA,"green",NA,"04/15/22",0
2022-04-18,3,"27-075-0005","Ely","Ely",36,2,33,8,"MN","green",NA,"green",NA,"04/15/22",0
2022-04-18,3,"27-083-4210","Marshall","Marshall",46,4.4,43,18,"MN","green",NA,"green",NA,"04/15/22",0
2022-04-18,3,"27-095-3051","Mille_Lacs","Mille Lacs",43,NA,40,NA,"MN","green",NA,"green",NA,"04/15/22",0
2022-04-18,3,"27-109-5008","Rochester","Rochester",40,2.5,37,10,"MN","green",NA,"green",NA,"04/15/22",0
2022-04-18,3,"27-123-0871","Harding","Minneapolis-St. Paul",NA,4.2,NA,18,"MN","green",NA,"green",NA,"04/15/22",0
2022-04-18,3,"27-137-7001","Virginia","Virginia",NA,0.6,NA,2,"MN","green",NA,"green",NA,"04/15/22",0
2022-04-18,3,"27-137-7550","Duluth_WDSE","Duluth",37,1.8,34,8,"MN","green",NA,"green",NA,"04/15/22",0
2022-04-18,3,"27-139-0505","Shakopee","South Twin Cities Metro",43,1.4,40,6,"MN","green",NA,"green",NA,"04/15/22",0
2022-04-18,3,"27-145-3052","St_Cloud","St. Cloud",42,4.2,39,18,"MN","green",NA,"green",NA,"04/15/22",0
2022-04-18,3,"27-163-6016","Marine_St_Croix","North Twin Cities Metro",38,NA,35,NA,"MN","green",NA,"green",NA,"04/15/22",0
2022-04-18,3,"27-171-3201","St_Michael","North Twin Cities Metro",43,3.2,40,13,"MN","green",NA,"green",NA,"04/15/22",0
2022-04-18,3,"38-017-1004","Fargo","Moorhead",47,3.5,44,15,"MN","green",NA,"green",NA,"04/15/22",0
2022-04-18,3,"55-063-0012","Winona","Winona",37,4.5,34,19,"MN","green",NA,"green",NA,"04/15/22",0
2022-04-19,1,"27-003-1001","Cedar_Creek","North Twin Cities Metro",47,NA,44,NA,"MN","45",48.6,"25",6,"04/18/22",0
2022-04-19,1,"27-003-1002","Anoka","North Twin Cities Metro",42,3.6,39,15,"MN","45",48.6,"25",6,"04/18/22",0
2022-04-19,1,"27-005-2013","Detroit_Lakes","Detroit Lakes",47,4.4,44,18,"MN","42",45.4,"18",4.3,"04/18/22",0
2022-04-19,1,"27-007-2304","Red_Lake","Red Lake",NA,5.3,NA,22,"MN","41",44.3,"24",5.8,"04/18/22",0
2022-04-19,1,"27-017-7417","Fond_Du_Lac","Fond du Lac",45,-0.7,42,-3,"MN","39",42.1,"10",2.4,"04/18/22",0
2022-04-19,1,"27-021-3410","Leech_Lake","Leech Lake",NA,4.6,NA,19,"MN","40",43.2,"30",7.2,"04/18/22",0
2022-04-19,1,"27-031-7810","Grand_Portage","Grand Portage",NA,-0.8,NA,-3,"MN","40",43.2,"8",1.9,"04/18/22",0
2022-04-19,1,"27-035-3204","Brainerd","Brainerd",44,5.8,41,24,"MN","43",46.4,"16",3.8,"04/18/22",0
2022-04-19,1,"27-037-0470","Apple_Valley","South Twin Cities Metro",NA,3.1,NA,13,"MN","44",47.5,"20",4.8,"04/18/22",0
2022-04-19,1,"27-037-0480","Lakeville","South Twin Cities Metro",NA,3.8,NA,16,"MN","44",47.5,"20",4.8,"04/18/22",0
2022-04-19,1,"27-049-5302","Stanton","South Twin Cities Metro",46,NA,43,NA,"MN","44",47.5,"20",4.8,"04/18/22",0
2022-04-19,1,"27-053-0962","MSP","Minneapolis-St. Paul",41,4.3,38,18,"MN","38",41,"20",4.8,"04/18/22",0
2022-04-19,1,"27-053-0963","HC_Anderson","Minneapolis-St. Paul",NA,5.4,NA,22,"MN","38",41,"20",4.8,"04/18/22",0
2022-04-19,1,"27-075-0005","Ely","Ely",45,3.9,42,16,"MN","42",45.4,"10",2.4,"04/18/22",0
2022-04-19,1,"27-083-4210","Marshall","Marshall",41,3.9,38,16,"MN","43",46.4,"20",4.8,"04/18/22",0
2022-04-19,1,"27-095-3051","Mille_Lacs","Mille Lacs",45,NA,42,NA,"MN","43",46.4,"16",3.8,"04/18/22",0
2022-04-19,1,"27-109-5008","Rochester","Rochester",45,4.4,42,18,"MN","41",44.3,"16",3.8,"04/18/22",0
2022-04-19,1,"27-123-0871","Harding","Minneapolis-St. Paul",NA,3.5,NA,15,"MN","38",41,"20",4.8,"04/18/22",0
2022-04-19,1,"27-137-7001","Virginia","Virginia",NA,2,NA,8,"MN","41",44.3,"12",2.9,"04/18/22",0
2022-04-19,1,"27-137-7550","Duluth_WDSE","Duluth",44,1,41,4,"MN","38",41,"10",2.4,"04/18/22",0
2022-04-19,1,"27-139-0505","Shakopee","South Twin Cities Metro",44,4.8,41,20,"MN","44",47.5,"20",4.8,"04/18/22",0
2022-04-19,1,"27-145-3052","St_Cloud","St. Cloud",45,4.2,42,18,"MN","green",NA,"20",4.8,"04/18/22",0
2022-04-19,1,"27-163-6016","Marine_St_Croix","North Twin Cities Metro",45,NA,42,NA,"MN","45",48.6,"25",6,"04/18/22",0
2022-04-19,1,"27-171-3201","St_Michael","North Twin Cities Metro",45,3.2,42,13,"MN","45",48.6,"25",6,"04/18/22",0
2022-04-19,1,"38-017-1004","Fargo","Moorhead",42,5.7,39,24,"MN","43",46.4,"20",4.8,"04/18/22",0
2022-04-19,1,"55-063-0012","Winona","Winona",44,3.4,41,14,"MN","41",44.3,"20",4.8,"04/18/22",0
2022-04-20,1,"27-003-1001","Cedar_Creek","North Twin Cities Metro",35,NA,32,NA,"MN","43",46.4,"23",5.5,"04/19/22",0
2022-04-20,1,"27-003-1002","Anoka","North Twin Cities Metro",29,5.6,27,23,"MN","43",46.4,"23",5.5,"04/19/22",0
2022-04-20,1,"27-005-2013","Detroit_Lakes","Detroit Lakes",34,7.7,31,32,"MN","41",44.3,"19",4.6,"04/19/22",0
2022-04-20,1,"27-007-2304","Red_Lake","Red Lake",NA,7.3,NA,30,"MN","44",47.5,"23",5.5,"04/19/22",0
2022-04-20,1,"27-017-7417","Fond_Du_Lac","Fond du Lac",31,-0.5,29,-2,"MN","38",41,"11",2.6,"04/19/22",0
2022-04-20,1,"27-021-3410","Leech_Lake","Leech Lake",NA,7,NA,29,"MN","40",43.2,"28",6.7,"04/19/22",0
2022-04-20,1,"27-031-7810","Grand_Portage","Grand Portage",NA,1.2,NA,5,"MN","38",41,"9",2.2,"04/19/22",0
2022-04-20,1,"27-035-3204","Brainerd","Brainerd",32,7.8,30,32,"MN","40",43.2,"19",4.6,"04/19/22",0
2022-04-20,1,"27-037-0470","Apple_Valley","South Twin Cities Metro",NA,4.5,NA,19,"MN","42",45.4,"21",5,"04/19/22",0
2022-04-20,1,"27-037-0480","Lakeville","South Twin Cities Metro",NA,5.6,NA,23,"MN","42",45.4,"21",5,"04/19/22",0
2022-04-20,1,"27-049-5302","Stanton","South Twin Cities Metro",36,NA,33,NA,"MN","42",45.4,"21",5,"04/19/22",0
2022-04-20,1,"27-053-0962","MSP","Minneapolis-St. Paul",28,6.8,26,28,"MN","39",42.1,"22",5.3,"04/19/22",0
2022-04-20,1,"27-053-0963","HC_Anderson","Minneapolis-St. Paul",NA,7.8,NA,32,"MN","39",42.1,"22",5.3,"04/19/22",0
2022-04-20,1,"27-075-0005","Ely","Ely",37,4.2,34,18,"MN","41",44.3,"11",2.6,"04/19/22",0
2022-04-20,1,"27-083-4210","Marshall","Marshall",29,5.6,27,23,"MN","44",47.5,"21",5,"04/19/22",0
2022-04-20,1,"27-095-3051","Mille_Lacs","Mille Lacs",34,NA,31,NA,"MN","42",45.4,"19",4.6,"04/19/22",0
2022-04-20,1,"27-109-5008","Rochester","Rochester",38,4.4,35,18,"MN","40",43.2,"19",4.6,"04/19/22",0
2022-04-20,1,"27-123-0871","Harding","Minneapolis-St. Paul",NA,7.8,NA,32,"MN","39",42.1,"22",5.3,"04/19/22",0
2022-04-20,1,"27-137-7001","Virginia","Virginia",NA,1.9,NA,8,"MN","42",45.4,"18",4.3,"04/19/22",0
2022-04-20,1,"27-137-7550","Duluth_WDSE","Duluth",34,3.5,31,15,"MN","37",40,"11",2.6,"04/19/22",0
2022-04-20,1,"27-139-0505","Shakopee","South Twin Cities Metro",31,6.8,29,28,"MN","42",45.4,"21",5,"04/19/22",0
2022-04-20,1,"27-145-3052","St_Cloud","St. Cloud",27,7,25,29,"MN","40",43.2,"22",5.3,"04/19/22",0
2022-04-20,1,"27-163-6016","Marine_St_Croix","North Twin Cities Metro",35,NA,32,NA,"MN","43",46.4,"23",5.5,"04/19/22",0
2022-04-20,1,"27-171-3201","St_Michael","North Twin Cities Metro",32,5.7,30,24,"MN","43",46.4,"23",5.5,"04/19/22",0
2022-04-20,1,"38-017-1004","Fargo","Moorhead",35,10.2,32,42,"MN","42",45.4,"22",5.3,"04/19/22",0
2022-04-20,1,"55-063-0012","Winona","Winona",39,5.9,36,25,"MN","39",42.1,"21",5,"04/19/22",0
2022-04-21,1,"27-003-1001","Cedar_Creek","North Twin Cities Metro",41,NA,38,NA,"MN","43",46.4,"22",5.3,"04/20/22",0
2022-04-21,1,"27-003-1002","Anoka","North Twin Cities Metro",42,5.2,39,22,"MN","43",46.4,"22",5.3,"04/20/22",0
2022-04-21,1,"27-005-2013","Detroit_Lakes","Detroit Lakes",41,2.2,38,9,"MN","40",43.2,"23",5.5,"04/20/22",0
2022-04-21,1,"27-007-2304","Red_Lake","Red Lake",NA,5,NA,21,"MN","41",44.3,"22",5.3,"04/20/22",0
2022-04-21,1,"27-017-7417","Fond_Du_Lac","Fond du Lac",39,0.4,36,2,"MN","39",42.1,"20",4.8,"04/20/22",0
2022-04-21,1,"27-021-3410","Leech_Lake","Leech Lake",NA,6.3,NA,26,"MN","39",42.1,"30",7.2,"04/20/22",0
2022-04-21,1,"27-031-7810","Grand_Portage","Grand Portage",NA,0.4,NA,2,"MN","39",42.1,"12",2.9,"04/20/22",0
2022-04-21,1,"27-035-3204","Brainerd","Brainerd",40,8.4,37,35,"MN","39",42.1,"22",5.3,"04/20/22",0
2022-04-21,1,"27-037-0470","Apple_Valley","South Twin Cities Metro",NA,4,NA,17,"MN","44",47.5,"29",7,"04/20/22",0
2022-04-21,1,"27-037-0480","Lakeville","South Twin Cities Metro",NA,4.5,NA,19,"MN","44",47.5,"29",7,"04/20/22",0
2022-04-21,1,"27-049-5302","Stanton","South Twin Cities Metro",42,NA,39,NA,"MN","44",47.5,"29",7,"04/20/22",0
2022-04-21,1,"27-053-0962","MSP","Minneapolis-St. Paul",31,6.2,29,26,"MN","38",41,"29",7,"04/20/22",0
2022-04-21,1,"27-053-0963","HC_Anderson","Minneapolis-St. Paul",NA,5,NA,21,"MN","38",41,"29",7,"04/20/22",0
2022-04-21,1,"27-075-0005","Ely","Ely",38,3.8,35,16,"MN","37",40,"20",4.8,"04/20/22",0
2022-04-21,1,"27-083-4210","Marshall","Marshall",42,3.9,39,16,"MN","41",44.3,"33",7.9,"04/20/22",0
2022-04-21,1,"27-095-3051","Mille_Lacs","Mille Lacs",41,NA,38,NA,"MN","40",43.2,"22",5.3,"04/20/22",0
2022-04-21,1,"27-109-5008","Rochester","Rochester",43,3.8,40,16,"MN","41",44.3,"23",5.5,"04/20/22",0
2022-04-21,1,"27-123-0871","Harding","Minneapolis-St. Paul",NA,5.9,NA,25,"MN","38",41,"29",7,"04/20/22",0
2022-04-21,1,"27-137-7001","Virginia","Virginia",NA,3.4,NA,14,"MN","43",46.4,"19",4.6,"04/20/22",0
2022-04-21,1,"27-137-7550","Duluth_WDSE","Duluth",39,3.8,36,16,"MN","39",42.1,"18",4.3,"04/20/22",0
2022-04-21,1,"27-139-0505","Shakopee","South Twin Cities Metro",41,6.2,38,26,"MN","44",47.5,"29",7,"04/20/22",0
2022-04-21,1,"27-145-3052","St_Cloud","St. Cloud",40,4.5,37,19,"MN","41",44.3,"26",6.2,"04/20/22",0
2022-04-21,1,"27-163-6016","Marine_St_Croix","North Twin Cities Metro",41,NA,38,NA,"MN","43",46.4,"22",5.3,"04/20/22",0
2022-04-21,1,"27-171-3201","St_Michael","North Twin Cities Metro",42,3.7,39,15,"MN","43",46.4,"22",5.3,"04/20/22",0
2022-04-21,1,"38-017-1004","Fargo","Moorhead",37,3.8,34,16,"MN","44",47.5,"28",6.7,"04/20/22",0
2022-04-21,1,"55-063-0012","Winona","Winona",42,5.4,39,22,"MN","39",42.1,"23",5.5,"04/20/22",0
2022-04-22,1,NA,NA,"Brainerd",NA,NA,NA,NA,"MN","38",41,"25",6,"04/21/22",0
2022-04-22,2,NA,NA,"Brainerd",NA,NA,NA,NA,"MN","green",NA,"green",NA,"04/20/22",0
2022-04-22,3,NA,NA,"Brainerd",NA,NA,NA,NA,"MN","green",NA,"green",NA,"04/19/22",0
2022-04-23,2,NA,NA,"Brainerd",NA,NA,NA,NA,"MN","green",NA,"green",NA,"04/21/22",0
2022-04-23,3,NA,NA,"Brainerd",NA,NA,NA,NA,"MN","green",NA,"green",NA,"04/20/22",0
2022-04-25,0,NA,NA,"Brainerd",NA,NA,NA,NA,"MN","green",NA,"green",NA,NA,NA
2022-04-25,0,NA,NA,"Detroit Lakes",NA,NA,NA,NA,"MN","green",NA,"green",NA,NA,NA
2022-04-25,0,NA,NA,"Duluth",NA,NA,NA,NA,"MN","green",NA,"green",NA,NA,NA
2022-04-25,0,NA,NA,"Ely",NA,NA,NA,NA,"MN","green",NA,"green",NA,NA,NA
2022-04-25,0,NA,NA,"Fond du Lac",NA,NA,NA,NA,"MN","green",NA,"green",NA,NA,NA
2022-04-25,0,NA,NA,"Grand Portage",NA,NA,NA,NA,"MN","green",NA,"green",NA,NA,NA
2022-04-25,0,NA,NA,"Leech Lake",NA,NA,NA,NA,"MN","green",NA,"green",NA,NA,NA
2022-04-25,0,NA,NA,"Marshall",NA,NA,NA,NA,"MN","green",NA,"green",NA,NA,NA
2022-04-25,0,NA,NA,"Mille Lacs",NA,NA,NA,NA,"MN","green",NA,"green",NA,NA,NA
2022-04-25,0,NA,NA,"Minneapolis-St. Paul",NA,NA,NA,NA,"MN","green",NA,"green",NA,NA,NA
2022-04-25,0,NA,NA,"Moorhead",NA,NA,NA,NA,"MN","green",NA,"green",NA,NA,NA
2022-04-25,0,NA,NA,"North Twin Cities Metro",NA,NA,NA,NA,"MN","green",NA,"green",NA,NA,NA
2022-04-25,0,NA,NA,"Red Lake",NA,NA,NA,NA,"MN","green",NA,"green",NA,NA,NA
2022-04-25,0,NA,NA,"Rochester",NA,NA,NA,NA,"MN","green",NA,"green",NA,NA,NA
2022-04-25,0,NA,NA,"South Twin Cities Metro",NA,NA,NA,NA,"MN","green",NA,"green",NA,NA,NA
2022-04-25,0,NA,NA,"St. Cloud",NA,NA,NA,NA,"MN","green",NA,"green",NA,NA,NA
2022-04-25,0,NA,NA,"Virginia",NA,NA,NA,NA,"MN","green",NA,"green",NA,NA,NA
2022-04-25,0,NA,NA,"Winona",NA,NA,NA,NA,"MN","green",NA,"green",NA,NA,NA
2022-04-25,3,NA,NA,"Brainerd",NA,NA,NA,NA,"MN","green",NA,"green",NA,NA,NA
2022-04-25,3,NA,NA,"Detroit Lakes",NA,NA,NA,NA,"MN","green",NA,"green",NA,NA,NA
2022-04-25,3,NA,NA,"Duluth",NA,NA,NA,NA,"MN","green",NA,"green",NA,NA,NA
2022-04-25,3,NA,NA,"Ely",NA,NA,NA,NA,"MN","green",NA,"green",NA,NA,NA
2022-04-25,3,NA,NA,"Fond du Lac",NA,NA,NA,NA,"MN","green",NA,"green",NA,NA,NA
2022-04-25,3,NA,NA,"Grand Portage",NA,NA,NA,NA,"MN","green",NA,"green",NA,NA,NA
2022-04-25,3,NA,NA,"Leech Lake",NA,NA,NA,NA,"MN","green",NA,"green",NA,NA,NA
2022-04-25,3,NA,NA,"Marshall",NA,NA,NA,NA,"MN","green",NA,"green",NA,NA,NA
2022-04-25,3,NA,NA,"Mille Lacs",NA,NA,NA,NA,"MN","green",NA,"green",NA,NA,NA
2022-04-25,3,NA,NA,"Minneapolis-St. Paul",NA,NA,NA,NA,"MN","green",NA,"green",NA,NA,NA
2022-04-25,3,NA,NA,"Moorhead",NA,NA,NA,NA,"MN","green",NA,"green",NA,NA,NA
2022-04-25,3,NA,NA,"North Twin Cities Metro",NA,NA,NA,NA,"MN","green",NA,"green",NA,NA,NA
2022-04-25,3,NA,NA,"Red Lake",NA,NA,NA,NA,"MN","green",NA,"green",NA,NA,NA
2022-04-25,3,NA,NA,"Rochester",NA,NA,NA,NA,"MN","green",NA,"green",NA,NA,NA
2022-04-25,3,NA,NA,"South Twin Cities Metro",NA,NA,NA,NA,"MN","green",NA,"green",NA,NA,NA
2022-04-25,3,NA,NA,"St. Cloud",NA,NA,NA,NA,"MN","green",NA,"green",NA,NA,NA
2022-04-25,3,NA,NA,"Virginia",NA,NA,NA,NA,"MN","green",NA,"green",NA,NA,NA
2022-04-25,3,NA,NA,"Winona",NA,NA,NA,NA,"MN","green",NA,"green",NA,NA,NA
2022-04-26,1,NA,NA,"Brainerd",NA,NA,NA,NA,"MN","green",NA,"green",NA,NA,NA
2022-04-26,1,NA,NA,"Detroit Lakes",NA,NA,NA,NA,"MN","green",NA,"green",NA,NA,NA
2022-04-26,1,NA,NA,"Duluth",NA,NA,NA,NA,"MN","green",NA,"green",NA,NA,NA
2022-04-26,1,NA,NA,"Ely",NA,NA,NA,NA,"MN","green",NA,"green",NA,NA,NA
2022-04-26,1,NA,NA,"Fond du Lac",NA,NA,NA,NA,"MN","green",NA,"green",NA,NA,NA
2022-04-26,1,NA,NA,"Grand Portage",NA,NA,NA,NA,"MN","green",NA,"green",NA,NA,NA
2022-04-26,1,NA,NA,"Leech Lake",NA,NA,NA,NA,"MN","green",NA,"green",NA,NA,NA
2022-04-26,1,NA,NA,"Marshall",NA,NA,NA,NA,"MN","green",NA,"green",NA,NA,NA
2022-04-26,1,NA,NA,"Mille Lacs",NA,NA,NA,NA,"MN","green",NA,"green",NA,NA,NA
2022-04-26,1,NA,NA,"Minneapolis-St. Paul",NA,NA,NA,NA,"MN","green",NA,"green",NA,NA,NA
2022-04-26,1,NA,NA,"Moorhead",NA,NA,NA,NA,"MN","green",NA,"green",NA,NA,NA
2022-04-26,1,NA,NA,"North Twin Cities Metro",NA,NA,NA,NA,"MN","green",NA,"green",NA,NA,NA
2022-04-26,1,NA,NA,"Red Lake",NA,NA,NA,NA,"MN","green",NA,"green",NA,NA,NA
2022-04-26,1,NA,NA,"Rochester",NA,NA,NA,NA,"MN","green",NA,"green",NA,NA,NA
2022-04-26,1,NA,NA,"South Twin Cities Metro",NA,NA,NA,NA,"MN","green",NA,"green",NA,NA,NA
2022-04-26,1,NA,NA,"St. Cloud",NA,NA,NA,NA,"MN","green",NA,"green",NA,NA,NA
2022-04-26,1,NA,NA,"Virginia",NA,NA,NA,NA,"MN","green",NA,"green",NA,NA,NA
2022-04-26,1,NA,NA,"Winona",NA,NA,NA,NA,"MN","green",NA,"green",NA,NA,NA
2022-04-26,4,NA,NA,"Brainerd",NA,NA,NA,NA,"MN","green",NA,"green",NA,NA,NA
2022-04-26,4,NA,NA,"Detroit Lakes",NA,NA,NA,NA,"MN","green",NA,"green",NA,NA,NA
2022-04-26,4,NA,NA,"Duluth",NA,NA,NA,NA,"MN","green",NA,"green",NA,NA,NA
2022-04-26,4,NA,NA,"Ely",NA,NA,NA,NA,"MN","green",NA,"green",NA,NA,NA
2022-04-26,4,NA,NA,"Fond du Lac",NA,NA,NA,NA,"MN","green",NA,"green",NA,NA,NA
2022-04-26,4,NA,NA,"Grand Portage",NA,NA,NA,NA,"MN","green",NA,"green",NA,NA,NA
2022-04-26,4,NA,NA,"Leech Lake",NA,NA,NA,NA,"MN","green",NA,"green",NA,NA,NA
2022-04-26,4,NA,NA,"Marshall",NA,NA,NA,NA,"MN","green",NA,"green",NA,NA,NA
2022-04-26,4,NA,NA,"Mille Lacs",NA,NA,NA,NA,"MN","green",NA,"green",NA,NA,NA
2022-04-26,4,NA,NA,"Minneapolis-St. Paul",NA,NA,NA,NA,"MN","green",NA,"green",NA,NA,NA
2022-04-26,4,NA,NA,"Moorhead",NA,NA,NA,NA,"MN","green",NA,"green",NA,NA,NA
2022-04-26,4,NA,NA,"North Twin Cities Metro",NA,NA,NA,NA,"MN","green",NA,"green",NA,NA,NA
2022-04-26,4,NA,NA,"Red Lake",NA,NA,NA,NA,"MN","green",NA,"green",NA,NA,NA
2022-04-26,4,NA,NA,"Rochester",NA,NA,NA,NA,"MN","green",NA,"green",NA,NA,NA
2022-04-26,4,NA,NA,"South Twin Cities Metro",NA,NA,NA,NA,"MN","green",NA,"green",NA,NA,NA
2022-04-26,4,NA,NA,"St. Cloud",NA,NA,NA,NA,"MN","green",NA,"green",NA,NA,NA
2022-04-26,4,NA,NA,"Virginia",NA,NA,NA,NA,"MN","green",NA,"green",NA,NA,NA
2022-04-26,4,NA,NA,"Winona",NA,NA,NA,NA,"MN","green",NA,"green",NA,NA,NA
2022-04-27,2,NA,NA,"Brainerd",NA,NA,NA,NA,"MN","green",NA,"green",NA,NA,NA
2022-04-27,2,NA,NA,"Detroit Lakes",NA,NA,NA,NA,"MN","green",NA,"green",NA,NA,NA
2022-04-27,2,NA,NA,"Duluth",NA,NA,NA,NA,"MN","green",NA,"green",NA,NA,NA
2022-04-27,2,NA,NA,"Ely",NA,NA,NA,NA,"MN","green",NA,"green",NA,NA,NA
2022-04-27,2,NA,NA,"Fond du Lac",NA,NA,NA,NA,"MN","green",NA,"green",NA,NA,NA
2022-04-27,2,NA,NA,"Grand Portage",NA,NA,NA,NA,"MN","green",NA,"green",NA,NA,NA
2022-04-27,2,NA,NA,"Leech Lake",NA,NA,NA,NA,"MN","green",NA,"green",NA,NA,NA
2022-04-27,2,NA,NA,"Marshall",NA,NA,NA,NA,"MN","green",NA,"green",NA,NA,NA
2022-04-27,2,NA,NA,"Mille Lacs",NA,NA,NA,NA,"MN","green",NA,"green",NA,NA,NA
2022-04-27,2,NA,NA,"Minneapolis-St. Paul",NA,NA,NA,NA,"MN","green",NA,"green",NA,NA,NA
2022-04-27,2,NA,NA,"Moorhead",NA,NA,NA,NA,"MN","green",NA,"green",NA,NA,NA
2022-04-27,2,NA,NA,"North Twin Cities Metro",NA,NA,NA,NA,"MN","green",NA,"green",NA,NA,NA
2022-04-27,2,NA,NA,"Red Lake",NA,NA,NA,NA,"MN","green",NA,"green",NA,NA,NA
2022-04-27,2,NA,NA,"Rochester",NA,NA,NA,NA,"MN","green",NA,"green",NA,NA,NA
2022-04-27,2,NA,NA,"South Twin Cities Metro",NA,NA,NA,NA,"MN","green",NA,"green",NA,NA,NA
2022-04-27,2,NA,NA,"St. Cloud",NA,NA,NA,NA,"MN","green",NA,"green",NA,NA,NA
2022-04-27,2,NA,NA,"Virginia",NA,NA,NA,NA,"MN","green",NA,"green",NA,NA,NA
2022-04-27,2,NA,NA,"Winona",NA,NA,NA,NA,"MN","green",NA,"green",NA,NA,NA
2022-04-27,5,NA,NA,"Brainerd",NA,NA,NA,NA,"MN","green",NA,"green",NA,NA,NA
2022-04-27,5,NA,NA,"Detroit Lakes",NA,NA,NA,NA,"MN","green",NA,"green",NA,NA,NA
2022-04-27,5,NA,NA,"Duluth",NA,NA,NA,NA,"MN","green",NA,"green",NA,NA,NA
2022-04-27,5,NA,NA,"Ely",NA,NA,NA,NA,"MN",NA,NA,"green",NA,NA,NA
2022-04-27,5,NA,NA,"Fond du Lac",NA,NA,NA,NA,"MN","green",NA,"green",NA,NA,NA
2022-04-27,5,NA,NA,"Grand Portage",NA,NA,NA,NA,"MN","green",NA,"green",NA,NA,NA
2022-04-27,5,NA,NA,"Leech Lake",NA,NA,NA,NA,"MN","green",NA,"green",NA,NA,NA
2022-04-27,5,NA,NA,"Marshall",NA,NA,NA,NA,"MN","green",NA,"green",NA,NA,NA
2022-04-27,5,NA,NA,"Mille Lacs",NA,NA,NA,NA,"MN","green",NA,"green",NA,NA,NA
2022-04-27,5,NA,NA,"Minneapolis-St. Paul",NA,NA,NA,NA,"MN","green",NA,"green",NA,NA,NA
2022-04-27,5,NA,NA,"Moorhead",NA,NA,NA,NA,"MN","green",NA,"green",NA,NA,NA
2022-04-27,5,NA,NA,"North Twin Cities Metro",NA,NA,NA,NA,"MN","green",NA,"green",NA,NA,NA
2022-04-27,5,NA,NA,"Red Lake",NA,NA,NA,NA,"MN","green",NA,"green",NA,NA,NA
2022-04-27,5,NA,NA,"Rochester",NA,NA,NA,NA,"MN","green",NA,"green",NA,NA,NA
2022-04-27,5,NA,NA,"South Twin Cities Metro",NA,NA,NA,NA,"MN","green",NA,"green",NA,NA,NA
2022-04-27,5,NA,NA,"St. Cloud",NA,NA,NA,NA,"MN","green",NA,"green",NA,NA,NA
2022-04-27,5,NA,NA,"Virginia",NA,NA,NA,NA,"MN","green",NA,"green",NA,NA,NA
2022-04-27,5,NA,NA,"Winona",NA,NA,NA,NA,"MN","green",NA,"green",NA,NA,NA
2022-04-28,3,NA,NA,"Brainerd",NA,NA,NA,NA,"MN","green",NA,"green",NA,NA,NA
2022-04-28,3,NA,NA,"Detroit Lakes",NA,NA,NA,NA,"MN","green",NA,"green",NA,NA,NA
2022-04-28,3,NA,NA,"Duluth",NA,NA,NA,NA,"MN","green",NA,"green",NA,NA,NA
2022-04-28,3,NA,NA,"Ely",NA,NA,NA,NA,"MN","green",NA,"green",NA,NA,NA
2022-04-28,3,NA,NA,"Fond du Lac",NA,NA,NA,NA,"MN","green",NA,"green",NA,NA,NA
2022-04-28,3,NA,NA,"Grand Portage",NA,NA,NA,NA,"MN","green",NA,"green",NA,NA,NA
2022-04-28,3,NA,NA,"Leech Lake",NA,NA,NA,NA,"MN","green",NA,"green",NA,NA,NA
2022-04-28,3,NA,NA,"Marshall",NA,NA,NA,NA,"MN","green",NA,"green",NA,NA,NA
2022-04-28,3,NA,NA,"Mille Lacs",NA,NA,NA,NA,"MN","green",NA,"green",NA,NA,NA
2022-04-28,3,NA,NA,"Minneapolis-St. Paul",NA,NA,NA,NA,"MN","green",NA,"green",NA,NA,NA
2022-04-28,3,NA,NA,"Moorhead",NA,NA,NA,NA,"MN","green",NA,"green",NA,NA,NA
2022-04-28,3,NA,NA,"North Twin Cities Metro",NA,NA,NA,NA,"MN","green",NA,"green",NA,NA,NA
2022-04-28,3,NA,NA,"Red Lake",NA,NA,NA,NA,"MN","green",NA,"green",NA,NA,NA
2022-04-28,3,NA,NA,"Rochester",NA,NA,NA,NA,"MN","green",NA,"green",NA,NA,NA
2022-04-28,3,NA,NA,"South Twin Cities Metro",NA,NA,NA,NA,"MN","green",NA,"green",NA,NA,NA
2022-04-28,3,NA,NA,"St. Cloud",NA,NA,NA,NA,"MN","green",NA,"green",NA,NA,NA
2022-04-28,3,NA,NA,"Virginia",NA,NA,NA,NA,"MN","green",NA,"green",NA,NA,NA
2022-04-28,3,NA,NA,"Winona",NA,NA,NA,NA,"MN","green",NA,"green",NA,NA,NA
